student_id,name,gender,date_of_birth,department,admission_year,entrance_score_band
STU00001,Divya Sharma,M,2005-05-06,EEE,2023,HIGH
STU00002,Sai Subramaniam,M,2003-10-30,EEE,2021,MEDIUM
STU00003,Vihaan Kumar,M,2004-09-15,ECE,2022,LOW
STU00004,Aarav Gupta,M,2006-04-23,EEE,2024,MEDIUM
STU00005,Naveen Iyer,M,2006-06-24,ECE,2024,MEDIUM
STU00006,Sai Nair,F,2003-07-14,CSE,2021,HIGH
STU00007,Priya Varma,F,2005-01-23,IT,2023,LOW
STU00008,Riya Gupta,M,2003-10-10,CIVIL,2021,MEDIUM
STU00009,Mohan Krishnan,F,2004-12-26,IT,2022,HIGH
STU00010,Vihaan Krishnan,M,2003-04-30,MECH,2021,HIGH
STU00011,Sneha Iyer,F,2005-03-25,EEE,2023,MEDIUM
STU00012,Priya Nair,F,2003-11-08,EEE,2021,LOW
STU00013,Krishna Gupta,M,2006-07-14,ECE,2024,MEDIUM
STU00014,Nithya Krishnan,M,2005-01-29,EEE,2023,HIGH
STU00015,Mohan Kumar,F,2005-02-03,CIVIL,2023,HIGH
STU00016,Nithya Rao,F,2006-07-22,ECE,2024,LOW
STU00017,Riya Raj,F,2004-10-14,ECE,2022,LOW
STU00018,Ananya Subramaniam,F,2006-07-05,IT,2024,HIGH
STU00019,Sai Gupta,F,2003-02-26,CSE,2021,HIGH
STU00020,Divya Raj,F,2003-07-17,IT,2021,MEDIUM
STU00021,Suresh Menon,F,2003-12-15,IT,2021,LOW
STU00022,Arjun Krishnan,F,2005-02-27,EEE,2023,MEDIUM
STU00023,Meera Raj,F,2005-09-14,CSE,2023,HIGH
STU00024,Karthik Das,M,2005-11-24,EEE,2023,LOW
STU00025,Suresh Nair,M,2004-10-03,MECH,2022,LOW
STU00026,Nithya Kumar,F,2003-02-27,CIVIL,2021,MEDIUM
STU00027,Bhavya Varma,F,2003-05-04,ECE,2021,LOW
STU00028,Aditya Sharma,F,2004-03-06,CSE,2022,LOW
STU00029,Pooja Gupta,M,2006-04-19,MECH,2024,LOW
STU00030,Harini Subramaniam,M,2005-07-24,EEE,2023,LOW
STU00031,Divya Reddy,F,2006-03-03,IT,2024,HIGH
STU00032,Rohan Sharma,F,2004-10-28,CSE,2022,HIGH
STU00033,Aarav Sharma,M,2003-01-17,ECE,2021,MEDIUM
STU00034,Aditya Gupta,M,2006-04-20,MECH,2024,LOW
STU00035,Sai Subramaniam,F,2006-07-28,ECE,2024,HIGH
STU00036,Arjun Sharma,F,2006-07-30,MECH,2024,MEDIUM
STU00037,Sathya Subramaniam,M,2003-02-01,EEE,2021,MEDIUM
STU00038,Gokul Reddy,M,2004-04-07,ECE,2022,LOW
STU00039,Riya Raj,F,2005-08-25,ECE,2023,HIGH
STU00040,Sathya Das,M,2003-01-26,CIVIL,2021,LOW
STU00041,Vignesh Varma,M,2004-03-26,CSE,2022,MEDIUM
STU00042,Pooja Menon,M,2003-03-26,CIVIL,2021,MEDIUM
STU00043,Aarav Pillai,F,2005-08-05,CIVIL,2023,LOW
STU00044,Gokul Murthy,F,2004-05-31,ECE,2022,HIGH
STU00045,Vihaan Rao,M,2005-01-30,EEE,2023,HIGH
STU00046,Naveen Menon,M,2003-04-06,CSE,2021,HIGH
STU00047,Suresh Sharma,M,2003-10-19,CIVIL,2021,HIGH
STU00048,,M,2003-08-03,IT,2021,LOW
STU00049,Naveen Rao,F,2004-12-08,MECH,2022,LOW
STU00050,Kavya Nair,F,2004-12-09,CIVIL,2022,LOW
STU00051,Diya Menon,F,2003-08-23,CSE,2021,LOW
STU00052,Naveen Sharma,M,2004-09-16,IT,2022,MEDIUM
STU00053,Sai Das,F,2004-07-08,CSE,2022,MEDIUM
STU00054,Krishna Menon,F,2003-12-08,IT,2021,LOW
STU00055,Diya Das,M,2005-03-01,ECE,2023,HIGH
STU00056,Gokul Gupta,M,2005-11-06,MECH,2023,HIGH
STU00057,Aishwarya Reddy,M,2005-09-16,EEE,2023,MEDIUM
STU00058,Ananya Das,M,2006-05-22,CSE,2024,HIGH
STU00059,Aarav Reddy,M,2005-03-24,EEE,2023,LOW
STU00060,Riya Gupta,F,2003-02-27,IT,2021,HIGH
STU00061,Bhavya Subramaniam,M,2003-07-09,IT,2021,LOW
STU00062,Vignesh Raj,F,2003-06-07,ECE,2021,MEDIUM
STU00063,Bhavya Das,M,2004-12-15,MECH,2022,HIGH
STU00064,Lakshmi Sharma,F,2006-11-14,IT,2024,LOW
STU00065,Sai Das,M,2004-07-30,ECE,2022,HIGH
STU00066,Krishna Subramaniam,F,2004-05-16,CIVIL,2022,HIGH
STU00067,Dinesh Subramaniam,M,2003-08-29,CIVIL,2021,HIGH
STU00068,Ishaan Varma,F,2005-04-27,MECH,2023,HIGH
STU00069,Aarav Krishnan,M,2005-05-23,CIVIL,2023,HIGH
STU00070,Harini Iyer,F,2006-12-14,EEE,2024,LOW
STU00071,Kavya Kumar,M,2004-10-24,MECH,2022,MEDIUM
STU00072,Vihaan Sharma,F,2005-08-12,MECH,2023,LOW
STU00073,Karthik Sharma,F,2004-05-10,IT,2022,HIGH
STU00074,Aishwarya Pillai,M,2004-07-05,IT,2022,MEDIUM
STU00075,Aditya Krishnan,F,2005-12-06,IT,2023,HIGH
STU00076,Gokul Das,F,2005-12-08,IT,2023,MEDIUM
STU00077,Kavya Pillai,F,2004-04-08,IT,2022,MEDIUM
STU00078,Lakshmi Pillai,M,2005-07-27,IT,2023,LOW
STU00079,Mohan Kumar,F,2004-08-08,MECH,2022,LOW
STU00080,Suresh Krishnan,F,2006-08-15,CIVIL,2024,LOW
STU00081,Ishaan Gupta,F,2004-12-03,EEE,2022,HIGH
STU00082,Diya Gupta,F,2004-12-10,CSE,2022,MEDIUM
STU00083,Rohan Murthy,M,2003-01-24,ECE,2021,HIGH
STU00084,Pooja Rao,M,2006-11-19,CIVIL,2024,LOW
STU00085,Ishaan Subramaniam,F,2006-05-05,CIVIL,2024,HIGH
STU00086,Divya Subramaniam,M,2006-04-23,CSE,2024,HIGH
STU00087,Dinesh Subramaniam,F,2004-03-03,CSE,2022,MEDIUM
STU00088,Sai Murthy,F,2005-08-15,EEE,2023,LOW
STU00089,Mohan Subramaniam,F,2006-03-23,IT,2024,LOW
STU00090,Sathya Menon,F,2004-11-22,MECH,2022,MEDIUM
STU00091,Harini Murthy,F,2004-05-20,EEE,2022,MEDIUM
STU00092,Aditya Subramaniam,F,2005-06-21,ECE,2023,MEDIUM
STU00093,Bhavya Gupta,M,2004-04-28,ECE,2022,MEDIUM
STU00094,Aishwarya Raj,M,2006-07-28,CSE,2024,MEDIUM
STU00095,Vignesh Menon,F,2004-08-03,CSE,2022,MEDIUM
STU00096,Bhavya Murthy,M,2006-09-02,IT,2024,HIGH
STU00097,Priya Iyer,F,2004-09-06,CIVIL,2022,HIGH
STU00098,Ananya Pillai,F,2006-06-22,CSE,2024,LOW
STU00099,Lakshmi Murthy,F,2004-08-27,EEE,2022,HIGH
STU00100,Suresh Gupta,M,2003-02-12,CIVIL,2021,LOW
STU00101,Meera Raj,F,2003-05-14,ECE,2021,MEDIUM
STU00102,Kavya Nair,F,2005-07-14,MECH,2023,MEDIUM
STU00103,Harini Varma,F,2003-08-29,MECH,2021,HIGH
STU00104,Gokul Gupta,M,2004-11-28,MECH,2022,HIGH
STU00105,Harini Krishnan,M,2004-04-12,CSE,2022,HIGH
STU00106,Suresh Raj,M,2006-12-09,ECE,2024,HIGH
STU00107,Naveen Nair,F,2005-07-08,EEE,2023,HIGH
STU00108,Suresh Rao,M,2005-02-25,ECE,2023,LOW
STU00109,Aarav Das,F,2006-07-23,IT,2024,LOW
STU00110,Ishaan Sharma,M,2005-12-17,CSE,2023,LOW
STU00111,Dinesh Sharma,M,2006-12-05,MECH,2024,MEDIUM
STU00112,Aditya Gupta,F,2006-09-08,CSE,2024,HIGH
STU00113,Meera Reddy,F,2004-08-10,EEE,2022,HIGH
STU00114,Gokul Gupta,F,2006-08-27,IT,2024,MEDIUM
STU00115,Mohan Subramaniam,F,2004-02-14,MECH,2022,MEDIUM
STU00116,Bhavya Menon,M,2006-06-22,CIVIL,2024,HIGH
STU00117,Pooja Varma,F,2006-04-19,ECE,2024,MEDIUM
STU00118,Dinesh Iyer,F,2005-10-12,MECH,2023,HIGH
STU00119,Karthik Nair,M,2006-09-08,ECE,2024,LOW
STU00120,Harini Nair,F,2006-08-18,EEE,2024,HIGH
STU00121,Aditya Iyer,M,2004-06-05,CIVIL,2022,LOW
STU00122,Naveen Reddy,F,2005-08-06,IT,2023,LOW
STU00123,Vignesh Reddy,F,2006-05-19,EEE,2024,MEDIUM
STU00124,Ananya Nair,M,2004-06-10,EEE,2022,HIGH
STU00125,Gokul Gupta,M,2004-09-04,ECE,2022,MEDIUM
STU00126,Gokul Rao,F,2004-05-31,CSE,2022,HIGH
STU00127,Priya Raj,F,2004-05-20,CSE,2022,HIGH
STU00128,Vihaan Gupta,F,2004-11-22,EEE,2022,MEDIUM
STU00129,Arjun Varma,M,2005-08-29,IT,2023,MEDIUM
STU00130,Riya Reddy,M,2005-09-02,CSE,2023,HIGH
STU00131,Mohan Sharma,F,2003-10-23,CIVIL,2021,LOW
STU00132,Lakshmi Kumar,M,2005-02-13,ECE,2023,HIGH
STU00133,Arjun Gupta,F,2004-09-24,IT,2022,MEDIUM
STU00134,Riya Das,F,2006-06-06,MECH,2024,LOW
STU00135,Suresh Kumar,M,2004-05-15,ECE,2022,LOW
STU00136,Aditya Raj,M,2003-03-22,ECE,2021,HIGH
STU00137,Meera Menon,F,2003-04-29,MECH,2021,MEDIUM
STU00138,Aishwarya Iyer,F,2004-05-15,CSE,2022,LOW
STU00139,Naveen Krishnan,M,2003-10-06,CIVIL,2021,HIGH
STU00140,Divya Raj,F,2003-01-31,ECE,2021,HIGH
STU00141,Dinesh Iyer,F,2003-08-28,CIVIL,2021,LOW
STU00142,Diya Subramaniam,F,2006-08-13,MECH,2024,HIGH
STU00143,Suresh Kumar,F,2005-11-06,EEE,2023,MEDIUM
STU00144,Aarav Sharma,M,2003-12-11,EEE,2021,MEDIUM
STU00145,Naveen Kumar,M,2006-05-23,CIVIL,2024,HIGH
STU00146,Naveen Pillai,F,2006-06-28,CSE,2024,MEDIUM
STU00147,Kavya Reddy,M,2005-07-30,ECE,2023,LOW
STU00148,Pooja Iyer,F,2003-08-21,IT,2021,HIGH
STU00149,Kavya Iyer,F,2006-09-21,CSE,2024,HIGH
STU00150,Lakshmi Varma,F,2003-04-07,CIVIL,2021,LOW
STU00151,Priya Rao,F,2006-01-27,EEE,2024,HIGH
STU00152,Ananya Gupta,M,2006-12-24,MECH,2024,MEDIUM
STU00153,Arjun Kumar,M,2004-06-08,EEE,2022,LOW
STU00154,Aarav Gupta,F,2004-02-28,CSE,2022,MEDIUM
STU00155,Arjun Krishnan,M,2005-09-18,CIVIL,2023,LOW
STU00156,Ananya Pillai,F,2004-08-21,CIVIL,2022,LOW
STU00157,Sai Pillai,M,2004-02-05,IT,2022,MEDIUM
STU00158,Harini Murthy,F,2005-01-02,MECH,2023,MEDIUM
STU00159,Gokul Iyer,F,2006-10-03,ECE,2024,MEDIUM
STU00160,Priya Reddy,F,2005-04-07,CIVIL,2023,LOW
STU00161,Rohan Rao,F,2006-01-23,ECE,2024,MEDIUM
STU00162,Gokul Menon,F,2004-09-10,CIVIL,2022,HIGH
STU00163,Sai Gupta,F,2006-02-21,CSE,2024,LOW
STU00164,Nithya Menon,M,2004-07-28,EEE,2022,LOW
STU00165,Sai Sharma,F,2005-11-16,MECH,2023,LOW
STU00166,Sneha Krishnan,M,2006-06-12,MECH,2024,LOW
STU00167,Aishwarya Das,F,2003-11-13,IT,2021,HIGH
STU00168,Rohan Krishnan,F,2003-08-11,ECE,2021,HIGH
STU00169,Harini Krishnan,M,2004-12-21,CIVIL,2022,MEDIUM
STU00170,Bhavya Kumar,M,2003-05-31,MECH,2021,MEDIUM
STU00171,Priya Pillai,M,2006-10-17,ECE,2024,LOW
STU00172,Dinesh Raj,M,2003-11-09,ECE,2021,MEDIUM
STU00173,Suresh Krishnan,M,2004-04-28,CIVIL,2022,MEDIUM
STU00174,Divya Iyer,F,2003-08-27,MECH,2021,MEDIUM
STU00175,Lakshmi Gupta,M,2006-06-26,CSE,2024,LOW
STU00176,Diya Krishnan,F,2005-08-22,EEE,2023,MEDIUM
STU00177,Ishaan Pillai,F,2004-07-14,CSE,2022,LOW
STU00178,Priya Rao,F,2005-01-12,EEE,2023,LOW
STU00179,Sneha Iyer,M,2003-11-07,IT,2021,LOW
STU00180,Pooja Varma,F,2005-04-23,ECE,2023,LOW
STU00181,Ishaan Rao,F,2004-11-17,EEE,2022,HIGH
STU00182,Bhavya Krishnan,M,2006-01-18,MECH,2024,LOW
STU00183,Priya Subramaniam,M,2005-06-17,CSE,2023,LOW
STU00184,Meera Raj,M,2005-09-29,ECE,2023,LOW
STU00185,Nithya Iyer,M,2006-06-01,MECH,2024,LOW
STU00186,Sathya Reddy,M,2003-03-14,CIVIL,2021,HIGH
STU00187,Sathya Krishnan,F,2005-02-16,IT,2023,MEDIUM
STU00188,Aarav Iyer,M,2005-12-11,CIVIL,2023,LOW
STU00189,Lakshmi Iyer,F,2005-02-25,EEE,2023,LOW
STU00190,Rohan Menon,M,2005-11-09,IT,2023,HIGH
STU00191,Divya Sharma,F,2005-11-29,EEE,2023,MEDIUM
STU00192,Arjun Raj,M,2005-09-10,CSE,2023,HIGH
STU00193,Arjun Nair,M,2006-07-09,CIVIL,2024,LOW
STU00194,Gokul Subramaniam,F,2004-07-31,IT,2022,LOW
STU00195,Arjun Varma,F,2006-05-24,IT,2024,HIGH
STU00196,Aishwarya Reddy,M,2006-05-01,CIVIL,2024,MEDIUM
STU00197,Arjun Krishnan,F,2005-02-01,IT,2023,MEDIUM
STU00198,Ananya Nair,M,2003-12-06,CIVIL,2021,HIGH
STU00199,Divya Krishnan,M,2005-05-05,CSE,2023,HIGH
STU00200,Dinesh Rao,M,2004-10-27,CSE,2022,HIGH
STU00201,Mohan Varma,M,2004-11-01,MECH,2022,HIGH
STU00202,Ananya Varma,M,2005-03-31,ECE,2023,HIGH
STU00203,Lakshmi Varma,M,2003-07-03,ECE,2021,HIGH
STU00204,Naveen Reddy,M,2005-01-27,ECE,2023,HIGH
STU00205,Gokul Pillai,M,2003-09-01,EEE,2021,MEDIUM
STU00206,Harini Reddy,M,2004-11-10,CIVIL,2022,HIGH
STU00207,Gokul Murthy,F,2003-02-01,CIVIL,2021,MEDIUM
STU00208,Sathya Pillai,F,2003-09-09,EEE,2021,LOW
STU00209,Nithya Menon,M,2005-11-08,CSE,2023,HIGH
STU00210,Aditya Raj,F,2005-07-15,IT,2023,LOW
STU00211,Karthik Iyer,F,2006-02-20,IT,2024,LOW
STU00212,Arjun Varma,M,2006-04-27,CIVIL,2024,MEDIUM
STU00213,Kavya Varma,F,2006-02-18,CIVIL,2024,MEDIUM
STU00214,Meera Reddy,F,2004-12-17,MECH,2022,MEDIUM
STU00215,Aditya Sharma,M,2006-02-19,CSE,2024,LOW
STU00216,Gokul Reddy,M,2003-10-28,IT,2021,LOW
STU00217,Vignesh Reddy,M,2005-12-07,CIVIL,2023,MEDIUM
STU00218,Sathya Das,M,2005-06-30,MECH,2023,HIGH
STU00219,Naveen Gupta,M,2006-04-25,ECE,2024,HIGH
STU00220,Priya Varma,F,2005-10-21,CSE,2023,HIGH
STU00221,Dinesh Pillai,M,2005-01-15,IT,2023,HIGH
STU00222,Ananya Subramaniam,F,2005-01-04,MECH,2023,HIGH
STU00223,Sathya Raj,F,2004-11-20,CSE,2022,HIGH
STU00224,Aditya Subramaniam,M,2006-08-21,CIVIL,2024,MEDIUM
STU00225,Krishna Reddy,F,2005-10-18,EEE,2023,LOW
STU00226,Aditya Das,M,2004-11-12,ECE,2022,HIGH
STU00227,Lakshmi Sharma,F,2006-09-06,CIVIL,2024,LOW
STU00228,Riya Pillai,F,2003-06-26,ECE,2021,MEDIUM
STU00229,Arjun Iyer,F,2005-01-24,IT,2023,HIGH
STU00230,Sneha Rao,M,2004-06-03,CSE,2022,HIGH
STU00231,Harini Raj,F,2005-03-03,MECH,2023,HIGH
STU00232,Pooja Subramaniam,F,2004-07-13,ECE,2022,LOW
STU00233,Aishwarya Nair,F,2006-01-22,CSE,2024,MEDIUM
STU00234,Aarav Menon,M,2006-10-21,MECH,2024,MEDIUM
STU00235,Aishwarya Krishnan,F,2003-07-27,MECH,2021,HIGH
STU00236,Kavya Raj,F,2005-02-15,EEE,2023,MEDIUM
STU00237,Sathya Sharma,M,2006-09-26,CIVIL,2024,HIGH
STU00238,Sneha Varma,F,2005-04-24,EEE,2023,MEDIUM
STU00239,Harini Raj,M,2003-09-29,IT,2021,LOW
STU00240,Ishaan Das,F,2004-04-30,MECH,2022,HIGH
STU00241,Sai Iyer,M,2004-12-01,ECE,2022,HIGH
STU00242,Krishna Murthy,F,2006-12-15,CIVIL,2024,LOW
STU00243,Divya Krishnan,F,2005-03-19,EEE,2023,MEDIUM
STU00244,Aditya Menon,F,2005-05-21,EEE,2023,LOW
STU00245,Vihaan Reddy,M,2006-08-20,MECH,2024,HIGH
STU00246,Vihaan Reddy,F,2003-11-11,CSE,2021,LOW
STU00247,Karthik Pillai,F,2003-08-19,IT,2021,LOW
STU00248,Divya Nair,F,2006-09-14,IT,2024,HIGH
STU00249,Vihaan Menon,M,2003-09-16,MECH,2021,LOW
STU00250,Krishna Kumar,M,2006-08-13,EEE,2024,LOW
STU00251,Karthik Rao,M,2005-05-25,MECH,2023,MEDIUM
STU00252,Meera Murthy,F,2003-11-20,EEE,2021,LOW
STU00253,Kavya Sharma,F,2006-05-26,CSE,2024,MEDIUM
STU00254,Gokul Varma,M,2003-10-26,MECH,2021,LOW
STU00255,Sai Das,F,2006-03-08,MECH,2024,LOW
STU00256,Aishwarya Sharma,F,2006-11-26,IT,2024,MEDIUM
STU00257,Mohan Raj,M,2006-09-18,EEE,2024,MEDIUM
STU00258,Aarav Reddy,F,2004-06-23,ECE,2022,MEDIUM
STU00259,Ishaan Nair,M,2003-06-01,ECE,2021,HIGH
STU00260,Karthik Murthy,M,2005-11-13,EEE,2023,HIGH
STU00261,Suresh Pillai,M,2004-12-20,ECE,2022,LOW
STU00262,Dinesh Das,M,2006-01-23,EEE,2024,MEDIUM
STU00263,Priya Krishnan,M,2005-08-18,CIVIL,2023,HIGH
STU00264,Vignesh Nair,F,2004-07-07,CIVIL,2022,LOW
STU00265,Naveen Menon,F,2006-09-15,MECH,2024,LOW
STU00266,Meera Raj,M,2004-05-08,IT,2022,HIGH
STU00267,Divya Menon,F,2003-09-22,IT,2021,HIGH
STU00268,Diya Sharma,M,2006-09-20,MECH,2024,HIGH
STU00269,Mohan Pillai,M,2006-06-28,ECE,2024,HIGH
STU00270,Meera Kumar,F,2005-05-01,IT,2023,MEDIUM
STU00271,Aditya Reddy,M,2005-02-20,CSE,2023,LOW
STU00272,Divya Reddy,M,2003-05-27,ECE,2021,MEDIUM
STU00273,Aishwarya Varma,M,2006-08-18,EEE,2024,LOW
STU00274,Aarav Das,M,2005-04-21,CSE,2023,HIGH
STU00275,Vignesh Subramaniam,F,2005-05-02,CSE,2023,MEDIUM
STU00276,Arjun Kumar,M,2006-02-02,CIVIL,2024,HIGH
STU00277,Mohan Das,F,2003-11-20,IT,2021,LOW
STU00278,Naveen Nair,M,2006-01-01,MECH,2024,LOW
STU00279,Priya Nair,F,2003-09-26,ECE,2021,MEDIUM
STU00280,Aditya Gupta,M,2006-01-23,CIVIL,2024,LOW
STU00281,Sneha Reddy,F,2003-07-02,EEE,2021,HIGH
STU00282,Priya Nair,M,2005-03-10,IT,2023,HIGH
STU00283,Priya Gupta,F,2004-12-16,EEE,2022,MEDIUM
STU00284,Aishwarya Menon,M,2003-08-23,ECE,2021,HIGH
STU00285,Diya Nair,M,2003-06-11,ECE,2021,MEDIUM
STU00286,Karthik Pillai,F,2003-11-28,MECH,2021,HIGH
STU00287,Diya Reddy,M,2005-05-20,EEE,2023,HIGH
STU00288,Dinesh Reddy,F,2006-07-17,CIVIL,2024,MEDIUM
STU00289,Krishna Menon,F,2005-02-12,MECH,2023,LOW
STU00290,Meera Sharma,F,2004-10-06,IT,2022,MEDIUM
STU00291,Kavya Sharma,M,2005-06-06,MECH,2023,MEDIUM
STU00292,Suresh Subramaniam,F,2006-06-29,ECE,2024,MEDIUM
STU00293,Vihaan Subramaniam,F,2006-05-21,IT,2024,LOW
STU00294,Dinesh Kumar,M,2006-07-06,EEE,2024,LOW
STU00295,Dinesh Subramaniam,M,2004-11-07,CSE,2022,LOW
STU00296,Dinesh Menon,M,2003-05-01,ECE,2021,LOW
STU00297,Priya Reddy,F,2003-11-06,IT,2021,HIGH
STU00298,Lakshmi Menon,F,2006-02-09,MECH,2024,LOW
STU00299,Sai Gupta,F,2005-11-29,CIVIL,2023,MEDIUM
STU00300,Rohan Sharma,M,2004-09-12,EEE,2022,LOW
STU00301,Sneha Das,M,2005-12-27,MECH,2023,MEDIUM
STU00302,Ishaan Rao,F,2006-04-13,EEE,2024,HIGH
STU00303,Sai Varma,M,2004-08-15,CIVIL,2022,HIGH
STU00304,Dinesh Krishnan,F,2005-02-03,EEE,2023,LOW
STU00305,Vignesh Iyer,F,2004-07-04,ECE,2022,LOW
STU00306,Rohan Sharma,M,2004-09-09,ECE,2022,HIGH
STU00307,Priya Gupta,F,2004-11-09,CIVIL,2022,HIGH
STU00308,Aditya Iyer,F,2006-09-27,EEE,2024,MEDIUM
STU00309,Harini Pillai,M,2005-11-25,ECE,2023,HIGH
STU00310,Riya Menon,F,2004-03-07,ECE,2022,MEDIUM
STU00311,Karthik Das,M,2004-06-04,CSE,2022,HIGH
STU00312,Krishna Reddy,M,2005-02-10,MECH,2023,MEDIUM
STU00313,Ishaan Krishnan,F,2005-11-11,ECE,2023,LOW
STU00314,Aditya Gupta,M,2004-03-28,IT,2022,LOW
STU00315,Suresh Subramaniam,F,2003-01-15,IT,2021,HIGH
STU00316,Vihaan Krishnan,F,2004-10-19,EEE,2022,MEDIUM
STU00317,Suresh Krishnan,M,2005-11-25,CIVIL,2023,MEDIUM
STU00318,Pooja Nair,F,2006-02-07,MECH,2024,LOW
STU00319,Vihaan Raj,F,2006-08-26,CIVIL,2024,HIGH
STU00320,Kavya Rao,M,2005-06-26,MECH,2023,MEDIUM
STU00321,Sai Murthy,F,2003-06-13,IT,2021,HIGH
STU00322,Riya Sharma,F,2004-03-13,CIVIL,2022,HIGH
STU00323,Vihaan Iyer,F,2006-05-08,IT,2024,HIGH
STU00324,Mohan Reddy,F,2004-09-12,ECE,2022,LOW
STU00325,Riya Menon,F,2003-02-16,CIVIL,2021,MEDIUM
STU00326,Karthik Menon,M,2005-01-25,ECE,2023,HIGH
STU00327,Diya Menon,F,2003-02-25,MECH,2021,MEDIUM
STU00328,Sai Das,F,2005-07-26,EEE,2023,MEDIUM
STU00329,Vihaan Pillai,M,2004-07-04,IT,2022,LOW
STU00330,Diya Sharma,F,2006-10-09,IT,2024,MEDIUM
STU00331,Mohan Rao,M,2003-07-21,ECE,2021,MEDIUM
STU00332,Dinesh Reddy,F,2004-11-04,ECE,2022,LOW
STU00333,Sneha Gupta,M,2003-03-12,CSE,2021,LOW
STU00334,Kavya Murthy,F,2006-03-18,IT,2024,LOW
STU00335,Bhavya Gupta,M,2005-03-25,MECH,2023,MEDIUM
STU00336,Suresh Subramaniam,F,2005-09-17,IT,2023,LOW
STU00337,Vignesh Menon,F,2003-07-08,CIVIL,2021,MEDIUM
STU00338,Lakshmi Sharma,F,2005-12-19,IT,2023,LOW
STU00339,Aarav Rao,F,2004-01-27,MECH,2022,LOW
STU00340,Pooja Raj,F,2004-01-17,ECE,2022,LOW
STU00341,Aishwarya Sharma,M,2006-06-10,CSE,2024,MEDIUM
STU00342,Sai Pillai,M,2006-02-01,CIVIL,2024,LOW
STU00343,Sai Gupta,M,2005-12-06,IT,2023,MEDIUM
STU00344,Karthik Pillai,F,2006-09-30,ECE,2024,MEDIUM
STU00345,Vignesh Reddy,F,2006-04-09,IT,2024,HIGH
STU00346,Ananya Gupta,F,2005-05-28,ECE,2023,LOW
STU00347,Ishaan Subramaniam,F,2006-06-28,MECH,2024,LOW
STU00348,Nithya Das,F,2003-10-21,MECH,2021,LOW
STU00349,Vignesh Pillai,F,2004-05-28,MECH,2022,HIGH
STU00350,Diya Subramaniam,M,2006-12-02,MECH,2024,MEDIUM
STU00351,Gokul Menon,M,2005-10-15,ECE,2023,LOW
STU00352,Ananya Raj,M,2004-05-04,IT,2022,HIGH
STU00353,Lakshmi Das,M,2004-01-27,EEE,2022,HIGH
STU00354,Meera Reddy,F,2004-01-03,CSE,2022,LOW
STU00355,Nithya Raj,F,2006-09-02,EEE,2024,LOW
STU00356,Ishaan Murthy,F,2005-11-27,MECH,2023,HIGH
STU00357,Nithya Murthy,M,2004-09-30,EEE,2022,LOW
STU00358,Gokul Varma,M,2006-04-01,ECE,2024,HIGH
STU00359,Mohan Pillai,F,2005-01-20,ECE,2023,HIGH
STU00360,Diya Rao,M,2005-08-21,MECH,2023,LOW
STU00361,Vignesh Gupta,F,2006-05-20,ECE,2024,HIGH
STU00362,Dinesh Sharma,F,2006-11-28,ECE,2024,MEDIUM
STU00363,Aishwarya Raj,M,2005-06-01,EEE,2023,LOW
STU00364,Lakshmi Murthy,M,2006-08-07,ECE,2024,LOW
STU00365,Kavya Sharma,F,2003-04-05,EEE,2021,HIGH
STU00366,Pooja Reddy,M,2005-07-16,CSE,2023,HIGH
STU00367,Riya Murthy,F,2005-10-26,MECH,2023,LOW
STU00368,Naveen Kumar,F,2005-12-21,EEE,2023,HIGH
STU00369,Vihaan Krishnan,M,2005-03-23,CIVIL,2023,MEDIUM
STU00370,Lakshmi Gupta,F,2003-11-24,EEE,2021,MEDIUM
STU00371,Priya Rao,M,2004-09-01,ECE,2022,HIGH
STU00372,Riya Subramaniam,F,2006-10-03,CIVIL,2024,LOW
STU00373,Mohan Nair,M,2003-09-27,EEE,2021,MEDIUM
STU00374,Karthik Subramaniam,F,2003-02-01,CSE,2021,LOW
STU00375,Bhavya Gupta,M,2004-03-25,IT,2022,MEDIUM
STU00376,Sathya Gupta,F,2004-10-25,CSE,2022,MEDIUM
STU00377,Aditya Das,F,2006-03-09,CSE,2024,LOW
STU00378,Meera Menon,M,2006-12-11,IT,2024,MEDIUM
STU00379,Gokul Kumar,F,2003-04-22,MECH,2021,LOW
STU00380,Aditya Kumar,F,2003-10-05,MECH,2021,HIGH
STU00381,Nithya Das,M,2003-05-27,CIVIL,2021,MEDIUM
STU00382,Krishna Murthy,M,2006-07-11,EEE,2024,MEDIUM
STU00383,Riya Varma,F,2003-12-16,CIVIL,2021,LOW
STU00384,Sathya Gupta,M,2005-03-02,EEE,2023,HIGH
STU00385,Vignesh Pillai,M,2004-01-02,EEE,2022,HIGH
STU00386,Diya Menon,F,2006-04-28,IT,2024,HIGH
STU00387,Riya Reddy,M,2004-02-27,MECH,2022,HIGH
STU00388,Dinesh Krishnan,F,2003-05-04,IT,2021,HIGH
STU00389,Aditya Sharma,M,2003-05-06,CIVIL,2021,LOW
STU00390,Vihaan Pillai,F,2004-01-29,ECE,2022,HIGH
STU00391,Karthik Iyer,M,2005-10-23,EEE,2023,LOW
STU00392,Harini Krishnan,F,2005-03-15,ECE,2023,LOW
STU00393,Karthik Nair,F,2005-02-01,MECH,2023,LOW
STU00394,Naveen Das,M,2006-10-12,EEE,2024,MEDIUM
STU00395,Vihaan Reddy,F,2005-12-23,IT,2023,MEDIUM
STU00396,Meera Raj,F,2004-10-02,CIVIL,2022,MEDIUM
STU00397,Rohan Varma,M,2004-08-25,MECH,2022,HIGH
STU00398,Vignesh Pillai,F,2004-07-17,IT,2022,HIGH
STU00399,,F,2003-08-19,EEE,2021,MEDIUM
STU00400,Aditya Gupta,M,2005-07-13,CSE,2023,LOW
STU00401,Suresh Rao,M,2004-10-27,CSE,2022,LOW
STU00402,Lakshmi Gupta,M,2004-06-19,CIVIL,2022,MEDIUM
STU00403,Nithya Kumar,M,2003-09-03,ECE,2021,HIGH
STU00404,Aishwarya Rao,M,2004-10-09,CIVIL,2022,MEDIUM
STU00405,Harini Iyer,F,2005-06-07,CIVIL,2023,MEDIUM
STU00406,Priya Gupta,F,2003-08-29,CIVIL,2021,MEDIUM
STU00407,Nithya Nair,F,2006-01-24,MECH,2024,LOW
STU00408,Sathya Nair,M,2005-10-11,CSE,2023,LOW
STU00409,Naveen Subramaniam,F,2004-04-10,MECH,2022,MEDIUM
STU00410,Rohan Pillai,M,2005-05-12,CIVIL,2023,MEDIUM
STU00411,Gokul Krishnan,F,2004-06-29,CIVIL,2022,HIGH
STU00412,Sai Subramaniam,F,2003-09-26,ECE,2021,HIGH
STU00413,Mohan Varma,M,2003-01-04,EEE,2021,MEDIUM
STU00414,Sai Varma,M,2004-01-05,CSE,2022,HIGH
STU00415,Karthik Menon,F,2006-12-04,CSE,2024,MEDIUM
STU00416,Aarav Kumar,F,2003-09-29,CSE,2021,LOW
STU00417,Ananya Gupta,F,2006-04-02,CSE,2024,HIGH
STU00418,Nithya Sharma,M,2004-11-13,ECE,2022,LOW
STU00419,Ananya Varma,F,2006-02-10,MECH,2024,MEDIUM
STU00420,Sneha Menon,M,2004-06-02,EEE,2022,LOW
STU00421,Mohan Varma,M,2003-02-17,EEE,2021,MEDIUM
STU00422,Sneha Pillai,F,2003-12-26,CSE,2021,HIGH
STU00423,Aditya Menon,F,2005-10-17,EEE,2023,HIGH
STU00424,Bhavya Gupta,M,2004-12-20,ECE,2022,LOW
STU00425,Pooja Iyer,M,2005-10-06,CSE,2023,LOW
STU00426,Lakshmi Kumar,M,2003-04-17,MECH,2021,LOW
STU00427,Sai Murthy,F,2005-03-25,CSE,2023,LOW
STU00428,Rohan Rao,F,2005-07-16,EEE,2023,LOW
STU00429,Sai Murthy,M,2005-01-28,IT,2023,HIGH
STU00430,Meera Nair,M,2006-06-17,MECH,2024,HIGH
STU00431,Divya Iyer,F,2004-07-01,CIVIL,2022,LOW
STU00432,Sneha Pillai,M,2006-02-13,EEE,2024,LOW
STU00433,Diya Murthy,M,2003-02-12,EEE,2021,MEDIUM
STU00434,Sai Pillai,M,2006-06-12,EEE,2024,MEDIUM
STU00435,Arjun Sharma,M,2006-07-04,MECH,2024,MEDIUM
STU00436,Arjun Raj,M,2006-08-18,ECE,2024,LOW
STU00437,Vignesh Gupta,F,2003-02-15,CSE,2021,MEDIUM
STU00438,Vignesh Sharma,F,2003-05-30,CIVIL,2021,MEDIUM
STU00439,Sneha Murthy,M,2004-10-19,EEE,2022,LOW
STU00440,Krishna Krishnan,F,2004-05-17,ECE,2022,MEDIUM
STU00441,Ananya Menon,M,2004-08-10,CSE,2022,MEDIUM
STU00442,Meera Iyer,F,2005-05-09,CSE,2023,HIGH
STU00443,Gokul Krishnan,F,2004-08-22,IT,2022,HIGH
STU00444,Sai Iyer,M,2005-11-14,CIVIL,2023,MEDIUM
STU00445,Dinesh Varma,F,2005-08-09,CIVIL,2023,LOW
STU00446,Suresh Raj,F,2004-09-02,MECH,2022,MEDIUM
STU00447,Krishna Pillai,F,2006-10-22,MECH,2024,HIGH
STU00448,Kavya Pillai,F,2005-02-28,CIVIL,2023,LOW
STU00449,Ishaan Rao,M,2003-08-25,EEE,2021,LOW
STU00450,Ishaan Menon,F,2003-07-29,EEE,2021,LOW
STU00451,Pooja Raj,F,2005-12-04,ECE,2023,HIGH
STU00452,Aishwarya Pillai,F,2006-11-03,CSE,2024,MEDIUM
STU00453,Naveen Pillai,F,2003-07-04,IT,2021,LOW
STU00454,Bhavya Murthy,M,2004-12-02,CSE,2022,LOW
STU00455,Priya Raj,M,2006-06-19,IT,2024,MEDIUM
STU00456,Arjun Kumar,M,2004-09-18,MECH,2022,LOW
STU00457,Karthik Gupta,M,2005-07-20,CIVIL,2023,MEDIUM
STU00458,Harini Krishnan,M,2003-09-05,MECH,2021,HIGH
STU00459,Diya Pillai,M,2004-06-27,CSE,2022,MEDIUM
STU00460,Kavya Menon,M,2006-06-28,IT,2024,MEDIUM
STU00461,Arjun Menon,F,2003-06-03,MECH,2021,HIGH
STU00462,Dinesh Subramaniam,M,2005-11-28,CSE,2023,HIGH
STU00463,Lakshmi Murthy,M,2004-09-21,EEE,2022,HIGH
STU00464,Vignesh Raj,F,2006-08-25,IT,2024,HIGH
STU00465,Dinesh Pillai,M,2006-07-22,ECE,2024,HIGH
STU00466,Gokul Rao,M,2006-07-19,CIVIL,2024,HIGH
STU00467,Aishwarya Nair,M,2003-10-23,MECH,2021,HIGH
STU00468,Dinesh Varma,M,2005-04-11,MECH,2023,MEDIUM
STU00469,Arjun Iyer,F,2005-11-02,IT,2023,MEDIUM
STU00470,Suresh Pillai,M,2005-08-23,MECH,2023,LOW
STU00471,Krishna Varma,F,2003-12-11,IT,2021,HIGH
STU00472,Kavya Sharma,M,2003-04-04,MECH,2021,MEDIUM
STU00473,Aishwarya Raj,F,2004-10-21,CIVIL,2022,MEDIUM
STU00474,Meera Raj,F,2004-10-11,EEE,2022,HIGH
STU00475,Pooja Iyer,M,2005-08-19,ECE,2023,LOW
STU00476,Vihaan Varma,F,2006-03-11,CSE,2024,HIGH
STU00477,Mohan Pillai,F,2006-08-01,CIVIL,2024,LOW
STU00478,Mohan Menon,F,2003-10-17,ECE,2021,HIGH
STU00479,Dinesh Murthy,M,2003-05-21,MECH,2021,HIGH
STU00480,Vignesh Iyer,M,2006-10-09,CIVIL,2024,LOW
STU00481,Arjun Rao,M,2005-10-05,MECH,2023,HIGH
STU00482,Harini Subramaniam,F,2004-08-05,IT,2022,HIGH
STU00483,Gokul Varma,M,2003-08-19,MECH,2021,MEDIUM
STU00484,Priya Varma,M,2003-05-02,CIVIL,2021,HIGH
STU00485,Dinesh Subramaniam,F,2006-03-26,EEE,2024,LOW
STU00486,Sai Murthy,M,2003-10-19,ECE,2021,MEDIUM
STU00487,Vignesh Iyer,M,2005-05-29,MECH,2023,LOW
STU00488,Ananya Varma,M,2006-01-31,ECE,2024,MEDIUM
STU00489,Sathya Krishnan,M,2004-05-07,EEE,2022,HIGH
STU00490,Aishwarya Reddy,M,2006-09-08,EEE,2024,HIGH
STU00491,Naveen Krishnan,F,2006-07-12,EEE,2024,MEDIUM
STU00492,Aditya Krishnan,M,2005-12-22,CIVIL,2023,MEDIUM
STU00493,Riya Menon,F,2003-02-17,IT,2021,LOW
STU00494,Riya Krishnan,F,2006-04-22,CSE,2024,MEDIUM
STU00495,Mohan Nair,F,2005-05-26,MECH,2023,MEDIUM
STU00496,Vignesh Rao,M,2006-06-25,IT,2024,LOW
STU00497,Harini Kumar,M,2006-01-09,CSE,2024,HIGH
STU00498,Nithya Varma,M,2006-01-01,CIVIL,2024,MEDIUM
STU00499,Ishaan Subramaniam,M,2005-03-23,EEE,2023,MEDIUM
STU00500,Aditya Krishnan,F,2003-07-10,MECH,2021,LOW
STU00501,Bhavya Krishnan,M,2006-11-17,CSE,2024,MEDIUM
STU00502,Gokul Subramaniam,M,2003-12-27,CIVIL,2021,HIGH
STU00503,Aarav Nair,F,2004-10-30,CSE,2022,HIGH
STU00504,Karthik Krishnan,F,2003-12-23,CSE,2021,MEDIUM
STU00505,Mohan Sharma,F,2004-09-01,EEE,2022,HIGH
STU00506,Rohan Pillai,M,2003-02-22,EEE,2021,MEDIUM
STU00507,Priya Das,F,2006-03-10,ECE,2024,LOW
STU00508,Lakshmi Raj,M,2003-11-09,IT,2021,LOW
STU00509,Krishna Menon,F,2004-11-17,EEE,2022,LOW
STU00510,Sai Das,F,2006-04-22,IT,2024,HIGH
STU00511,Bhavya Sharma,M,2006-06-29,CSE,2024,MEDIUM
STU00512,Kavya Murthy,M,2005-11-27,ECE,2023,HIGH
STU00513,Rohan Gupta,F,2003-12-04,EEE,2021,MEDIUM
STU00514,Ishaan Gupta,M,2006-06-01,EEE,2024,LOW
STU00515,Vihaan Murthy,M,2006-02-27,CIVIL,2024,HIGH
STU00516,Pooja Krishnan,M,2003-07-04,IT,2021,MEDIUM
STU00517,Sai Pillai,F,2004-08-29,MECH,2022,HIGH
STU00518,Aarav Rao,M,2005-04-21,CSE,2023,HIGH
STU00519,Nithya Kumar,F,2005-11-18,IT,2023,LOW
STU00520,Karthik Murthy,F,2006-02-12,CIVIL,2024,LOW
STU00521,Vignesh Gupta,M,2003-06-08,MECH,2021,HIGH
STU00522,Karthik Das,M,2005-07-20,ECE,2023,LOW
STU00523,Divya Murthy,M,2006-05-03,MECH,2024,HIGH
STU00524,Rohan Sharma,F,2006-11-10,CSE,2024,LOW
STU00525,Vihaan Iyer,M,2003-03-12,CSE,2021,LOW
STU00526,Aarav Raj,F,2005-03-27,MECH,2023,MEDIUM
STU00527,Sai Subramaniam,F,2003-01-16,EEE,2021,MEDIUM
STU00528,Dinesh Pillai,F,2003-05-15,IT,2021,LOW
STU00529,Naveen Krishnan,M,2006-09-19,CIVIL,2024,MEDIUM
STU00530,Vihaan Menon,M,2004-05-10,MECH,2022,HIGH
STU00531,Bhavya Rao,M,2003-01-23,ECE,2021,HIGH
STU00532,Rohan Kumar,F,2006-03-18,MECH,2024,HIGH
STU00533,Nithya Varma,M,2006-04-25,IT,2024,MEDIUM
STU00534,Rohan Pillai,F,2003-10-20,MECH,2021,MEDIUM
STU00535,Arjun Gupta,M,2004-09-21,ECE,2022,HIGH
STU00536,Sneha Sharma,F,2005-06-17,MECH,2023,HIGH
STU00537,Vignesh Menon,M,2004-05-29,MECH,2022,LOW
STU00538,Dinesh Iyer,M,2005-10-30,CIVIL,2023,MEDIUM
STU00539,Harini Murthy,M,2004-03-18,EEE,2022,HIGH
STU00540,Nithya Pillai,M,2005-11-22,ECE,2023,LOW
STU00541,Bhavya Kumar,F,2006-06-07,CSE,2024,HIGH
STU00542,Ishaan Gupta,M,2006-01-31,CIVIL,2024,HIGH
STU00543,Aishwarya Iyer,M,2004-09-23,CSE,2022,MEDIUM
STU00544,Aishwarya Das,F,2003-10-25,CIVIL,2021,HIGH
STU00545,Karthik Raj,F,2003-08-11,CSE,2021,LOW
STU00546,Sai Nair,F,2005-07-21,MECH,2023,LOW
STU00547,Mohan Subramaniam,F,2006-05-20,MECH,2024,HIGH
STU00548,Aditya Nair,M,2003-03-21,IT,2021,HIGH
STU00549,Krishna Menon,F,2006-03-03,MECH,2024,LOW
STU00550,Priya Murthy,M,2005-08-26,CIVIL,2023,MEDIUM
STU00551,Sathya Sharma,M,2005-12-27,ECE,2023,LOW
STU00552,Suresh Kumar,M,2004-02-16,MECH,2022,LOW
STU00553,Rohan Reddy,F,2003-12-13,IT,2021,MEDIUM
STU00554,Ananya Varma,M,2006-08-20,CSE,2024,LOW
STU00555,Gokul Gupta,M,2006-02-22,CSE,2024,HIGH
STU00556,Arjun Kumar,M,2004-04-11,ECE,2022,MEDIUM
STU00557,Priya Krishnan,M,2005-02-08,IT,2023,HIGH
STU00558,Aditya Nair,F,2003-06-19,ECE,2021,HIGH
STU00559,Vihaan Menon,M,2006-07-22,ECE,2024,MEDIUM
STU00560,Aarav Pillai,F,2005-04-20,ECE,2023,HIGH
STU00561,Ananya Iyer,F,2003-11-11,ECE,2021,LOW
STU00562,Suresh Nair,F,2006-10-09,CIVIL,2024,MEDIUM
STU00563,Vihaan Sharma,F,2004-08-02,CIVIL,2022,HIGH
STU00564,Divya Das,M,2003-07-15,EEE,2021,LOW
STU00565,Priya Menon,F,2005-07-18,MECH,2023,MEDIUM
STU00566,Krishna Kumar,F,2004-01-16,IT,2022,MEDIUM
STU00567,Vihaan Murthy,F,2005-10-27,IT,2023,HIGH
STU00568,Krishna Sharma,M,2004-05-16,EEE,2022,LOW
STU00569,Mohan Murthy,M,2006-07-01,ECE,2024,HIGH
STU00570,Krishna Nair,F,2005-10-30,EEE,2023,HIGH
STU00571,Aishwarya Subramaniam,F,2004-10-15,IT,2022,HIGH
STU00572,Mohan Murthy,F,2005-03-31,IT,2023,MEDIUM
STU00573,Vihaan Sharma,M,2004-01-11,ECE,2022,LOW
STU00574,Pooja Kumar,F,2004-03-07,IT,2022,MEDIUM
STU00575,Aishwarya Raj,F,2003-03-17,CSE,2021,LOW
STU00576,Aishwarya Das,M,2005-02-07,CSE,2023,MEDIUM
STU00577,Aishwarya Krishnan,F,2003-06-22,IT,2021,MEDIUM
STU00578,Kavya Raj,M,2006-11-24,EEE,2024,MEDIUM
STU00579,Divya Reddy,M,2005-04-25,EEE,2023,LOW
STU00580,Naveen Varma,M,2005-12-19,CIVIL,2023,MEDIUM
STU00581,Sai Raj,M,2006-10-18,EEE,2024,HIGH
STU00582,Krishna Rao,F,2004-11-23,IT,2022,LOW
STU00583,Arjun Das,F,2005-02-09,ECE,2023,HIGH
STU00584,Priya Reddy,M,2003-12-10,EEE,2021,LOW
STU00585,Gokul Das,F,2003-05-16,CIVIL,2021,HIGH
STU00586,Rohan Subramaniam,M,2005-02-25,MECH,2023,LOW
STU00587,Aarav Kumar,F,2006-03-27,CIVIL,2024,MEDIUM
STU00588,Pooja Das,F,2006-02-21,MECH,2024,MEDIUM
STU00589,Dinesh Varma,M,2006-02-07,ECE,2024,HIGH
STU00590,Diya Kumar,F,2003-02-07,MECH,2021,MEDIUM
STU00591,Krishna Das,F,2003-10-08,ECE,2021,HIGH
STU00592,Kavya Rao,F,2003-08-09,EEE,2021,LOW
STU00593,Krishna Rao,F,2003-02-21,ECE,2021,MEDIUM
STU00594,Ishaan Nair,F,2005-12-05,EEE,2023,MEDIUM
STU00595,Diya Nair,M,2006-10-20,CSE,2024,LOW
STU00596,Mohan Menon,M,2005-01-02,CSE,2023,MEDIUM
STU00597,Aditya Iyer,F,2003-01-14,ECE,2021,HIGH
STU00598,Krishna Krishnan,F,2006-03-01,CSE,2024,MEDIUM
STU00599,Dinesh Pillai,F,2005-02-16,CIVIL,2023,LOW
STU00600,Vignesh Pillai,M,2006-07-09,MECH,2024,HIGH
STU00601,Riya Kumar,F,2006-05-15,CIVIL,2024,HIGH
STU00602,Mohan Iyer,M,2003-02-13,ECE,2021,LOW
STU00603,Priya Murthy,F,2004-10-10,IT,2022,HIGH
STU00604,Mohan Pillai,F,2006-10-21,IT,2024,HIGH
STU00605,Pooja Iyer,M,2003-09-15,CIVIL,2021,LOW
STU00606,Bhavya Gupta,M,2006-03-30,CSE,2024,HIGH
STU00607,Ishaan Murthy,M,2003-08-05,ECE,2021,HIGH
STU00608,Lakshmi Pillai,M,2004-10-31,EEE,2022,MEDIUM
STU00609,Kavya Das,M,2006-10-12,CSE,2024,MEDIUM
STU00610,Vignesh Reddy,F,2006-01-07,IT,2024,LOW
STU00611,Suresh Rao,F,2006-03-18,CSE,2024,HIGH
STU00612,Naveen Rao,M,2003-05-27,CSE,2021,LOW
STU00613,Bhavya Reddy,F,2006-12-02,MECH,2024,MEDIUM
STU00614,Naveen Rao,F,2004-05-21,CSE,2022,MEDIUM
STU00615,Sai Rao,F,2006-06-19,CSE,2024,LOW
STU00616,Rohan Kumar,F,2005-01-11,MECH,2023,MEDIUM
STU00617,Mohan Murthy,F,2005-09-09,MECH,2023,LOW
STU00618,Lakshmi Sharma,M,2005-08-15,ECE,2023,MEDIUM
STU00619,Ananya Subramaniam,F,2003-04-07,IT,2021,MEDIUM
STU00620,Ishaan Das,F,2006-09-22,EEE,2024,MEDIUM
STU00621,Mohan Kumar,M,2005-09-17,CSE,2023,MEDIUM
STU00622,Sai Murthy,M,2004-04-12,ECE,2022,HIGH
STU00623,Rohan Kumar,F,2005-12-27,CSE,2023,HIGH
STU00624,Ananya Reddy,F,2006-11-22,IT,2024,HIGH
STU00625,Lakshmi Kumar,M,2006-11-01,MECH,2024,MEDIUM
STU00626,Krishna Varma,F,2005-06-26,IT,2023,HIGH
STU00627,Mohan Das,F,2003-05-26,EEE,2021,HIGH
STU00628,Sneha Kumar,M,2004-04-23,IT,2022,LOW
STU00629,Rohan Krishnan,M,2006-09-20,MECH,2024,HIGH
STU00630,Sathya Murthy,M,2004-11-27,CIVIL,2022,HIGH
STU00631,Suresh Murthy,M,2005-11-08,ECE,2023,MEDIUM
STU00632,Aishwarya Subramaniam,F,2006-06-28,CIVIL,2024,MEDIUM
STU00633,Ananya Nair,F,2006-10-27,MECH,2024,HIGH
STU00634,Aarav Gupta,F,2005-06-02,IT,2023,LOW
STU00635,Arjun Menon,M,2005-11-24,MECH,2023,MEDIUM
STU00636,Sathya Iyer,F,2005-04-07,EEE,2023,HIGH
STU00637,Karthik Murthy,M,2006-12-05,CSE,2024,MEDIUM
STU00638,Lakshmi Raj,M,2006-06-01,EEE,2024,MEDIUM
STU00639,Nithya Pillai,F,2003-10-26,CIVIL,2021,LOW
STU00640,Naveen Varma,M,2004-12-17,MECH,2022,LOW
STU00641,Divya Murthy,F,2005-09-17,EEE,2023,MEDIUM
STU00642,Sathya Raj,M,2003-08-30,MECH,2021,HIGH
STU00643,Gokul Iyer,M,2005-12-02,EEE,2023,HIGH
STU00644,Rohan Reddy,M,2005-08-04,EEE,2023,MEDIUM
STU00645,Priya Iyer,F,2003-08-29,CIVIL,2021,HIGH
STU00646,Sathya Krishnan,M,2004-09-13,CIVIL,2022,HIGH
STU00647,Sathya Krishnan,F,2005-07-31,IT,2023,HIGH
STU00648,Sathya Varma,M,2004-06-24,ECE,2022,MEDIUM
STU00649,Naveen Das,F,2005-04-03,ECE,2023,HIGH
STU00650,Pooja Reddy,M,2003-01-03,MECH,2021,MEDIUM
STU00651,Ananya Nair,M,2004-09-07,IT,2022,HIGH
STU00652,Sai Rao,F,2006-07-26,EEE,2024,MEDIUM
STU00653,Pooja Pillai,M,2004-07-10,CSE,2022,HIGH
STU00654,Bhavya Reddy,M,2003-11-17,CSE,2021,LOW
STU00655,Rohan Nair,F,2004-02-22,MECH,2022,MEDIUM
STU00656,Karthik Rao,F,2003-01-24,ECE,2021,MEDIUM
STU00657,Diya Menon,F,2004-06-24,CIVIL,2022,MEDIUM
STU00658,Priya Murthy,M,2006-01-10,ECE,2024,HIGH
STU00659,Rohan Subramaniam,M,2003-10-29,ECE,2021,LOW
STU00660,Krishna Sharma,F,2003-07-12,EEE,2021,LOW
STU00661,Ananya Murthy,M,2003-12-05,IT,2021,HIGH
STU00662,Divya Varma,M,2003-08-02,CSE,2021,MEDIUM
STU00663,Sneha Sharma,F,2004-04-15,CIVIL,2022,LOW
STU00664,Lakshmi Krishnan,M,2006-12-05,MECH,2024,HIGH
STU00665,Lakshmi Gupta,F,2004-08-02,IT,2022,HIGH
STU00666,Karthik Subramaniam,M,2003-02-24,MECH,2021,MEDIUM
STU00667,Ishaan Rao,M,2004-07-02,MECH,2022,LOW
STU00668,Meera Iyer,M,2006-04-17,CSE,2024,LOW
STU00669,Nithya Menon,F,2003-01-07,ECE,2021,LOW
STU00670,Aditya Das,M,2006-03-18,IT,2024,HIGH
STU00671,Harini Gupta,M,2003-05-12,EEE,2021,LOW
STU00672,Rohan Menon,F,2006-01-26,MECH,2024,HIGH
STU00673,Mohan Raj,M,2005-12-13,MECH,2023,MEDIUM
STU00674,,M,2003-01-05,CSE,2021,HIGH
STU00675,Lakshmi Krishnan,M,2005-08-13,MECH,2023,LOW
STU00676,Ananya Das,M,2005-04-04,MECH,2023,HIGH
STU00677,Sneha Pillai,F,2006-12-20,MECH,2024,MEDIUM
STU00678,Dinesh Pillai,M,2004-12-22,CSE,2022,LOW
STU00679,Vihaan Varma,M,2006-10-30,CSE,2024,MEDIUM
STU00680,Dinesh Rao,F,2006-07-03,ECE,2024,LOW
STU00681,Aarav Varma,M,2006-02-27,CIVIL,2024,MEDIUM
STU00682,Riya Kumar,M,2005-01-07,MECH,2023,LOW
STU00683,Sathya Krishnan,M,2005-09-23,EEE,2023,LOW
STU00684,Aishwarya Subramaniam,M,2004-09-03,CIVIL,2022,MEDIUM
STU00685,Lakshmi Krishnan,F,2003-01-06,ECE,2021,LOW
STU00686,Nithya Raj,F,2004-02-08,CIVIL,2022,MEDIUM
STU00687,Kavya Nair,F,2003-09-17,MECH,2021,HIGH
STU00688,Vignesh Krishnan,F,2004-02-10,CIVIL,2022,MEDIUM
STU00689,Riya Murthy,F,2006-08-17,CSE,2024,MEDIUM
STU00690,Arjun Menon,M,2006-07-31,CSE,2024,HIGH
STU00691,Vignesh Gupta,M,2005-09-18,CSE,2023,LOW
STU00692,Ishaan Krishnan,F,2005-01-28,MECH,2023,HIGH
STU00693,Sathya Menon,F,2006-12-03,IT,2024,MEDIUM
STU00694,Aishwarya Menon,M,2004-01-02,CSE,2022,MEDIUM
STU00695,Priya Varma,F,2005-12-26,IT,2023,HIGH
STU00696,Vihaan Das,M,2004-07-28,CIVIL,2022,HIGH
STU00697,Ananya Rao,M,2003-07-21,ECE,2021,HIGH
STU00698,Riya Varma,M,2005-02-25,EEE,2023,MEDIUM
STU00699,Vihaan Das,M,2006-12-04,CIVIL,2024,LOW
STU00700,Karthik Raj,F,2003-10-11,CSE,2021,MEDIUM
STU00701,Mohan Rao,F,2004-12-20,IT,2022,LOW
STU00702,Krishna Subramaniam,M,2006-12-03,CSE,2024,LOW
STU00703,Suresh Das,F,2006-08-03,IT,2024,LOW
STU00704,Nithya Subramaniam,M,2006-06-25,MECH,2024,MEDIUM
STU00705,Riya Murthy,M,2006-11-05,ECE,2024,LOW
STU00706,Bhavya Subramaniam,F,2005-10-11,EEE,2023,LOW
STU00707,Ishaan Nair,M,2005-12-18,IT,2023,MEDIUM
STU00708,Nithya Krishnan,M,2004-09-14,EEE,2022,LOW
STU00709,Aishwarya Krishnan,F,2003-06-30,EEE,2021,LOW
STU00710,Pooja Rao,F,2005-08-05,EEE,2023,HIGH
STU00711,Karthik Sharma,M,2004-01-28,CIVIL,2022,LOW
STU00712,Vihaan Nair,F,2005-12-16,ECE,2023,MEDIUM
STU00713,Sai Varma,M,2005-04-15,EEE,2023,LOW
STU00714,Vihaan Reddy,F,2004-11-27,CSE,2022,LOW
STU00715,Sneha Nair,F,2003-07-15,EEE,2021,MEDIUM
STU00716,Meera Murthy,F,2003-01-07,IT,2021,LOW
STU00717,Ananya Nair,F,2005-10-29,ECE,2023,LOW
STU00718,Gokul Rao,M,2004-05-30,EEE,2022,MEDIUM
STU00719,Krishna Krishnan,M,2004-09-20,ECE,2022,HIGH
STU00720,Sneha Kumar,F,2005-03-08,MECH,2023,HIGH
STU00721,Naveen Varma,F,2005-08-27,CSE,2023,LOW
STU00722,Nithya Raj,M,2005-11-02,ECE,2023,HIGH
STU00723,Harini Das,F,2005-02-07,CIVIL,2023,LOW
STU00724,Kavya Gupta,M,2003-09-16,ECE,2021,HIGH
STU00725,Meera Gupta,F,2005-04-24,CSE,2023,HIGH
STU00726,Lakshmi Reddy,F,2005-04-22,MECH,2023,LOW
STU00727,Karthik Menon,M,2005-08-17,CSE,2023,HIGH
STU00728,Bhavya Krishnan,M,2005-07-15,CSE,2023,HIGH
STU00729,Sneha Iyer,F,2005-09-21,CSE,2023,LOW
STU00730,Riya Menon,M,2004-06-13,MECH,2022,LOW
STU00731,Aditya Sharma,M,2003-11-17,IT,2021,HIGH
STU00732,Ishaan Krishnan,M,2006-02-23,EEE,2024,HIGH
STU00733,Vignesh Varma,F,2003-12-18,EEE,2021,HIGH
STU00734,Aarav Menon,F,2003-02-07,CSE,2021,HIGH
STU00735,Krishna Murthy,F,2003-10-22,IT,2021,HIGH
STU00736,Nithya Iyer,F,2006-11-19,CIVIL,2024,MEDIUM
STU00737,Meera Reddy,M,2003-10-01,CIVIL,2021,HIGH
STU00738,Divya Subramaniam,M,2003-12-25,EEE,2021,HIGH
STU00739,Priya Das,M,2005-11-07,MECH,2023,HIGH
STU00740,Diya Murthy,F,2006-12-05,CIVIL,2024,HIGH
STU00741,Pooja Raj,M,2006-10-07,ECE,2024,MEDIUM
STU00742,Divya Raj,F,2005-01-06,EEE,2023,LOW
STU00743,Sathya Gupta,M,2003-01-03,CSE,2021,LOW
STU00744,Suresh Pillai,M,2004-06-25,MECH,2022,HIGH
STU00745,Meera Das,M,2004-04-23,ECE,2022,LOW
STU00746,Mohan Iyer,M,2004-12-09,CSE,2022,LOW
STU00747,Sathya Kumar,F,2003-05-29,EEE,2021,LOW
STU00748,Aditya Iyer,M,2006-06-19,ECE,2024,MEDIUM
STU00749,Sai Krishnan,M,2005-11-14,CSE,2023,HIGH
STU00750,Bhavya Nair,F,2006-06-18,CIVIL,2024,LOW
STU00751,Lakshmi Iyer,M,2005-06-11,IT,2023,MEDIUM
STU00752,Krishna Kumar,F,2004-11-24,ECE,2022,MEDIUM
STU00753,,F,2005-09-03,ECE,2023,MEDIUM
STU00754,Riya Reddy,F,2003-03-31,CIVIL,2021,LOW
STU00755,Suresh Sharma,F,2004-05-14,ECE,2022,LOW
STU00756,Bhavya Krishnan,M,2003-01-10,EEE,2021,LOW
STU00757,Divya Kumar,F,2004-01-19,IT,2022,LOW
STU00758,Ananya Gupta,F,2004-07-06,EEE,2022,MEDIUM
STU00759,Rohan Das,F,2006-09-14,ECE,2024,LOW
STU00760,Aditya Pillai,F,2003-12-06,IT,2021,HIGH
STU00761,Sathya Murthy,M,2004-08-16,IT,2022,HIGH
STU00762,Krishna Rao,M,2006-07-03,EEE,2024,HIGH
STU00763,Rohan Murthy,F,2003-05-16,ECE,2021,MEDIUM
STU00764,Rohan Kumar,M,2005-07-18,IT,2023,MEDIUM
STU00765,Nithya Menon,M,2005-02-22,CSE,2023,LOW
STU00766,Karthik Krishnan,F,2005-10-24,EEE,2023,LOW
STU00767,Naveen Raj,F,2006-07-07,EEE,2024,LOW
STU00768,Divya Das,M,2005-07-12,IT,2023,HIGH
STU00769,Karthik Pillai,F,2006-09-04,MECH,2024,LOW
STU00770,Aarav Gupta,M,2004-04-27,CIVIL,2022,HIGH
STU00771,Karthik Krishnan,F,2004-04-05,ECE,2022,HIGH
STU00772,Priya Rao,M,2004-07-31,EEE,2022,MEDIUM
STU00773,Gokul Sharma,F,2006-09-03,EEE,2024,HIGH
STU00774,Naveen Raj,F,2004-01-23,CSE,2022,HIGH
STU00775,Naveen Rao,M,2003-10-21,ECE,2021,HIGH
STU00776,Vihaan Raj,F,2006-11-03,ECE,2024,LOW
STU00777,Divya Kumar,F,2004-08-17,CSE,2022,LOW
STU00778,Pooja Varma,F,2004-07-29,ECE,2022,LOW
STU00779,Sai Murthy,M,2005-03-27,IT,2023,LOW
STU00780,Lakshmi Reddy,F,2003-04-28,IT,2021,MEDIUM
STU00781,Sneha Raj,M,2004-09-24,CSE,2022,LOW
STU00782,Lakshmi Pillai,M,2003-04-01,IT,2021,MEDIUM
STU00783,Bhavya Rao,M,2003-02-17,IT,2021,MEDIUM
STU00784,Lakshmi Raj,M,2006-09-25,EEE,2024,MEDIUM
STU00785,Priya Varma,M,2006-04-28,EEE,2024,MEDIUM
STU00786,Dinesh Murthy,F,2003-08-06,MECH,2021,HIGH
STU00787,Ananya Menon,M,2005-11-03,CSE,2023,LOW
STU00788,Meera Iyer,M,2003-10-23,CSE,2021,LOW
STU00789,Arjun Gupta,M,2004-12-18,CIVIL,2022,MEDIUM
STU00790,Meera Reddy,M,2006-11-30,ECE,2024,LOW
STU00791,Ananya Iyer,F,2005-11-10,IT,2023,MEDIUM
STU00792,Lakshmi Pillai,M,2006-04-02,CIVIL,2024,MEDIUM
STU00793,Vignesh Gupta,F,2005-10-23,MECH,2023,MEDIUM
STU00794,Harini Subramaniam,F,2004-12-03,EEE,2022,HIGH
STU00795,Gokul Nair,F,2004-02-21,EEE,2022,HIGH
STU00796,Karthik Pillai,F,2003-03-24,IT,2021,MEDIUM
STU00797,Divya Kumar,M,2006-11-04,ECE,2024,MEDIUM
STU00798,Aditya Sharma,F,2005-02-10,ECE,2023,LOW
STU00799,Vihaan Subramaniam,F,2005-11-02,CIVIL,2023,HIGH
STU00800,Harini Varma,M,2006-08-13,EEE,2024,HIGH
STU00801,Ishaan Varma,F,2003-11-03,ECE,2021,LOW
STU00802,Karthik Subramaniam,M,2004-12-11,IT,2022,HIGH
STU00803,Priya Nair,M,2003-05-22,ECE,2021,MEDIUM
STU00804,Priya Krishnan,F,2004-09-22,CIVIL,2022,HIGH
STU00805,Gokul Subramaniam,M,2005-10-14,CSE,2023,LOW
STU00806,Priya Reddy,F,2004-08-20,ECE,2022,MEDIUM
STU00807,Naveen Kumar,F,2006-09-17,ECE,2024,HIGH
STU00808,Vignesh Sharma,F,2003-09-20,MECH,2021,MEDIUM
STU00809,Bhavya Gupta,F,2006-07-13,EEE,2024,LOW
STU00810,Pooja Murthy,M,2006-12-15,MECH,2024,MEDIUM
STU00811,Bhavya Rao,M,2003-05-13,CIVIL,2021,HIGH
STU00812,Sneha Krishnan,M,2004-06-10,EEE,2022,MEDIUM
STU00813,Priya Gupta,M,2005-05-08,EEE,2023,MEDIUM
STU00814,Aditya Pillai,F,2004-08-31,CSE,2022,MEDIUM
STU00815,Priya Nair,F,2004-09-12,ECE,2022,LOW
STU00816,Ishaan Nair,M,2004-04-27,MECH,2022,HIGH
STU00817,Mohan Nair,F,2003-03-03,ECE,2021,HIGH
STU00818,Lakshmi Krishnan,F,2003-10-05,IT,2021,HIGH
STU00819,Sathya Menon,F,2005-09-10,IT,2023,LOW
STU00820,Sathya Iyer,F,2005-07-23,ECE,2023,HIGH
STU00821,Harini Rao,M,2006-09-02,CSE,2024,LOW
STU00822,Vihaan Gupta,F,2004-08-22,CIVIL,2022,HIGH
STU00823,Aishwarya Gupta,F,2003-01-07,MECH,2021,LOW
STU00824,Ishaan Pillai,M,2005-11-10,MECH,2023,MEDIUM
STU00825,Krishna Gupta,F,2005-08-30,ECE,2023,LOW
STU00826,Kavya Reddy,M,2006-04-18,CIVIL,2024,MEDIUM
STU00827,Aishwarya Murthy,F,2006-05-24,MECH,2024,MEDIUM
STU00828,Krishna Rao,M,2004-02-21,IT,2022,LOW
STU00829,Ananya Murthy,M,2006-07-15,IT,2024,HIGH
STU00830,Sai Murthy,M,2003-04-01,CIVIL,2021,MEDIUM
STU00831,Pooja Raj,F,2005-05-09,CIVIL,2023,LOW
STU00832,Sathya Rao,M,2003-12-20,CIVIL,2021,HIGH
STU00833,Vihaan Nair,F,2003-08-19,CIVIL,2021,LOW
STU00834,Kavya Iyer,F,2005-06-26,MECH,2023,HIGH
STU00835,Meera Sharma,F,2004-10-22,EEE,2022,LOW
STU00836,Divya Krishnan,M,2005-06-16,MECH,2023,LOW
STU00837,Karthik Menon,F,2006-11-11,CSE,2024,MEDIUM
STU00838,Riya Krishnan,M,2005-08-04,ECE,2023,LOW
STU00839,Suresh Rao,F,2003-03-24,CSE,2021,MEDIUM
STU00840,Rohan Reddy,F,2005-05-17,EEE,2023,LOW
STU00841,Divya Pillai,F,2005-10-28,CIVIL,2023,LOW
STU00842,Riya Pillai,M,2003-03-06,ECE,2021,LOW
STU00843,Rohan Krishnan,F,2003-04-18,EEE,2021,HIGH
STU00844,Sneha Sharma,M,2006-10-08,CSE,2024,HIGH
STU00845,Aarav Murthy,F,2003-02-23,IT,2021,MEDIUM
STU00846,Suresh Raj,M,2006-06-08,EEE,2024,HIGH
STU00847,Rohan Subramaniam,F,2004-03-08,CIVIL,2022,LOW
STU00848,Mohan Raj,M,2005-06-16,CSE,2023,MEDIUM
STU00849,Riya Varma,F,2006-03-11,IT,2024,LOW
STU00850,Vignesh Raj,F,2006-09-26,EEE,2024,LOW
STU00851,Divya Gupta,F,2006-10-04,MECH,2024,HIGH
STU00852,Dinesh Sharma,F,2005-07-31,MECH,2023,MEDIUM
STU00853,Sai Iyer,M,2004-06-25,CSE,2022,MEDIUM
STU00854,Pooja Gupta,M,2006-09-02,EEE,2024,MEDIUM
STU00855,Aarav Murthy,F,2004-01-04,MECH,2022,LOW
STU00856,Priya Nair,F,2006-07-22,IT,2024,HIGH
STU00857,Krishna Subramaniam,F,2004-05-14,CIVIL,2022,HIGH
STU00858,Meera Krishnan,M,2005-05-26,IT,2023,LOW
STU00859,Gokul Gupta,F,2004-02-05,CIVIL,2022,HIGH
STU00860,,M,2006-11-13,EEE,2024,MEDIUM
STU00861,Ananya Subramaniam,F,2005-01-10,ECE,2023,HIGH
STU00862,Vihaan Gupta,M,2003-05-25,ECE,2021,MEDIUM
STU00863,Sai Subramaniam,F,2003-04-30,EEE,2021,HIGH
STU00864,Sai Kumar,F,2005-08-04,ECE,2023,MEDIUM
STU00865,Dinesh Murthy,F,2006-12-23,MECH,2024,HIGH
STU00866,Kavya Sharma,M,2005-07-20,CSE,2023,HIGH
STU00867,Vignesh Menon,M,2005-07-15,ECE,2023,HIGH
STU00868,Arjun Murthy,M,2006-05-07,CIVIL,2024,LOW
STU00869,Vihaan Nair,F,2003-09-24,EEE,2021,LOW
STU00870,Ishaan Menon,F,2005-06-15,EEE,2023,HIGH
STU00871,Divya Subramaniam,M,2003-05-10,EEE,2021,MEDIUM
STU00872,Divya Iyer,M,2003-12-08,MECH,2021,HIGH
STU00873,Arjun Nair,F,2003-03-27,MECH,2021,MEDIUM
STU00874,Naveen Sharma,F,2003-01-22,ECE,2021,LOW
STU00875,Dinesh Subramaniam,F,2004-07-09,EEE,2022,HIGH
STU00876,Rohan Raj,F,2005-11-17,CSE,2023,HIGH
STU00877,Vihaan Reddy,M,2003-03-06,EEE,2021,MEDIUM
STU00878,Rohan Reddy,F,2004-01-11,CIVIL,2022,LOW
STU00879,Sneha Reddy,M,2003-09-06,MECH,2021,LOW
STU00880,Riya Gupta,F,2006-04-08,IT,2024,LOW
STU00881,Krishna Gupta,F,2006-05-21,MECH,2024,LOW
STU00882,Nithya Varma,M,2004-08-18,CSE,2022,MEDIUM
STU00883,Mohan Iyer,F,2003-11-23,CIVIL,2021,LOW
STU00884,Sneha Subramaniam,M,2005-11-14,CSE,2023,HIGH
STU00885,Kavya Subramaniam,M,2006-04-08,EEE,2024,LOW
STU00886,Lakshmi Menon,M,2005-06-15,IT,2023,MEDIUM
STU00887,Divya Reddy,M,2003-01-23,CSE,2021,HIGH
STU00888,,M,2003-09-06,ECE,2021,HIGH
STU00889,Arjun Kumar,F,2006-09-27,EEE,2024,LOW
STU00890,Aishwarya Rao,F,2005-04-24,CSE,2023,LOW
STU00891,Aishwarya Sharma,M,2006-02-10,ECE,2024,MEDIUM
STU00892,Dinesh Krishnan,M,2006-07-08,MECH,2024,LOW
STU00893,Vihaan Varma,F,2003-02-06,IT,2021,MEDIUM
STU00894,Aditya Nair,M,2004-09-29,CSE,2022,MEDIUM
STU00895,Ishaan Nair,M,2004-10-12,IT,2022,LOW
STU00896,Vignesh Pillai,M,2005-12-12,EEE,2023,MEDIUM
STU00897,Aishwarya Krishnan,F,2004-04-02,CSE,2022,LOW
STU00898,Sneha Gupta,F,2004-09-30,EEE,2022,LOW
STU00899,Riya Das,F,2005-07-10,MECH,2023,MEDIUM
STU00900,Harini Krishnan,F,2005-11-08,EEE,2023,HIGH
STU00901,Naveen Gupta,M,2005-07-04,CIVIL,2023,MEDIUM
STU00902,Riya Pillai,M,2003-05-26,EEE,2021,LOW
STU00903,Aarav Gupta,M,2003-06-03,MECH,2021,HIGH
STU00904,Ishaan Varma,F,2005-10-11,CSE,2023,LOW
STU00905,Vignesh Rao,M,2003-08-24,CSE,2021,MEDIUM
STU00906,Sai Raj,F,2004-04-29,MECH,2022,MEDIUM
STU00907,Dinesh Iyer,M,2006-10-19,IT,2024,HIGH
STU00908,Gokul Sharma,F,2004-09-06,CIVIL,2022,LOW
STU00909,Aishwarya Rao,M,2005-01-20,IT,2023,LOW
STU00910,Dinesh Rao,F,2003-06-21,CSE,2021,MEDIUM
STU00911,Bhavya Varma,F,2003-04-27,CIVIL,2021,LOW
STU00912,Divya Varma,M,2006-01-28,EEE,2024,MEDIUM
STU00913,Karthik Kumar,F,2004-06-16,IT,2022,LOW
STU00914,Aishwarya Nair,M,2006-08-17,CSE,2024,LOW
STU00915,Naveen Gupta,M,2006-05-29,ECE,2024,MEDIUM
STU00916,Sai Raj,F,2006-10-20,CSE,2024,LOW
STU00917,Vihaan Gupta,F,2003-07-24,MECH,2021,LOW
STU00918,Meera Murthy,M,2006-10-14,ECE,2024,HIGH
STU00919,Pooja Pillai,M,2004-05-04,IT,2022,HIGH
STU00920,Ananya Murthy,F,2003-02-27,MECH,2021,LOW
STU00921,Meera Pillai,F,2004-06-13,MECH,2022,MEDIUM
STU00922,Suresh Krishnan,M,2004-06-28,MECH,2022,LOW
STU00923,Mohan Murthy,F,2004-08-13,IT,2022,HIGH
STU00924,Nithya Varma,M,2005-03-21,ECE,2023,LOW
STU00925,Sathya Sharma,M,2003-05-05,EEE,2021,LOW
STU00926,Nithya Raj,F,2005-12-22,CSE,2023,HIGH
STU00927,Diya Menon,F,2005-04-18,CSE,2023,LOW
STU00928,Vignesh Nair,M,2005-10-08,IT,2023,MEDIUM
STU00929,Suresh Subramaniam,M,2003-07-12,EEE,2021,LOW
STU00930,Bhavya Krishnan,M,2004-01-31,MECH,2022,MEDIUM
STU00931,Ishaan Murthy,F,2006-12-02,CSE,2024,HIGH
STU00932,Aditya Pillai,F,2005-02-25,EEE,2023,HIGH
STU00933,Diya Varma,F,2006-09-18,ECE,2024,LOW
STU00934,Arjun Das,F,2003-04-06,CIVIL,2021,HIGH
STU00935,Karthik Menon,M,2004-09-28,CSE,2022,MEDIUM
STU00936,Kavya Menon,F,2004-01-10,EEE,2022,MEDIUM
STU00937,Lakshmi Reddy,F,2005-05-01,EEE,2023,LOW
STU00938,Ananya Murthy,M,2005-07-18,EEE,2023,HIGH
STU00939,Vignesh Iyer,M,2005-07-21,ECE,2023,LOW
STU00940,Sai Sharma,F,2004-08-01,IT,2022,HIGH
STU00941,Naveen Raj,F,2005-08-18,MECH,2023,LOW
STU00942,Sai Nair,M,2004-03-11,IT,2022,MEDIUM
STU00943,Aishwarya Subramaniam,M,2004-12-01,CIVIL,2022,LOW
STU00944,Nithya Raj,F,2003-04-05,CSE,2021,MEDIUM
STU00945,Mohan Das,M,2003-06-13,EEE,2021,MEDIUM
STU00946,Meera Iyer,F,2005-03-19,EEE,2023,HIGH
STU00947,Arjun Raj,M,2005-11-07,CSE,2023,LOW
STU00948,Suresh Nair,M,2003-07-03,ECE,2021,HIGH
STU00949,Aishwarya Murthy,F,2006-11-29,ECE,2024,MEDIUM
STU00950,Krishna Varma,F,2006-03-12,CIVIL,2024,HIGH
STU00951,Ishaan Nair,M,2003-05-19,CIVIL,2021,MEDIUM
STU00952,Rohan Subramaniam,M,2003-04-01,ECE,2021,MEDIUM
STU00953,Sathya Rao,F,2005-08-23,EEE,2023,HIGH
STU00954,Meera Pillai,M,2006-06-10,IT,2024,MEDIUM
STU00955,Suresh Subramaniam,M,2003-08-20,IT,2021,MEDIUM
STU00956,Mohan Das,M,2006-01-21,ECE,2024,LOW
STU00957,,M,2005-08-14,ECE,2023,MEDIUM
STU00958,Bhavya Iyer,F,2004-08-04,CIVIL,2022,MEDIUM
STU00959,Suresh Das,M,2004-08-25,EEE,2022,LOW
STU00960,Riya Sharma,M,2004-07-20,ECE,2022,MEDIUM
STU00961,Kavya Menon,M,2006-10-30,ECE,2024,LOW
STU00962,Bhavya Nair,F,2005-06-15,CSE,2023,LOW
STU00963,Divya Das,M,2003-02-16,EEE,2021,HIGH
STU00964,Aishwarya Menon,F,2006-09-19,CSE,2024,LOW
STU00965,Krishna Pillai,F,2004-06-20,CSE,2022,LOW
STU00966,Sathya Krishnan,M,2004-04-01,ECE,2022,LOW
STU00967,Vihaan Pillai,F,2006-05-28,MECH,2024,LOW
STU00968,Krishna Sharma,M,2003-11-15,ECE,2021,MEDIUM
STU00969,Aarav Menon,F,2003-11-08,CIVIL,2021,MEDIUM
STU00970,Rohan Nair,F,2006-08-15,CIVIL,2024,HIGH
STU00971,Suresh Rao,M,2005-11-14,ECE,2023,LOW
STU00972,Vignesh Varma,M,2004-03-16,CSE,2022,HIGH
STU00973,Divya Reddy,M,2003-12-08,ECE,2021,LOW
STU00974,Mohan Rao,F,2003-01-26,MECH,2021,HIGH
STU00975,Meera Raj,M,2005-11-09,EEE,2023,LOW
STU00976,Aishwarya Subramaniam,M,2005-01-19,CIVIL,2023,HIGH
STU00977,Harini Iyer,F,2006-02-04,MECH,2024,MEDIUM
STU00978,Mohan Gupta,M,2006-03-10,MECH,2024,HIGH
STU00979,Aishwarya Varma,F,2006-09-26,MECH,2024,HIGH
STU00980,Aishwarya Nair,M,2003-09-05,CSE,2021,LOW
STU00981,Aishwarya Rao,F,2005-05-13,CIVIL,2023,LOW
STU00982,Naveen Rao,F,2006-09-24,ECE,2024,LOW
STU00983,Divya Menon,F,2004-12-28,ECE,2022,MEDIUM
STU00984,Ishaan Kumar,M,2006-11-17,CSE,2024,HIGH
STU00985,Gokul Varma,M,2006-07-31,IT,2024,HIGH
STU00986,Kavya Reddy,M,2004-12-19,CSE,2022,MEDIUM
STU00987,Ananya Murthy,M,2005-09-17,MECH,2023,LOW
STU00988,Kavya Murthy,M,2005-06-24,CSE,2023,MEDIUM
STU00989,Gokul Rao,M,2004-06-18,ECE,2022,MEDIUM
STU00990,Nithya Krishnan,F,2003-11-27,CIVIL,2021,HIGH
STU00991,Pooja Raj,F,2005-08-25,IT,2023,MEDIUM
STU00992,Nithya Subramaniam,M,2005-10-17,IT,2023,LOW
STU00993,Lakshmi Reddy,M,2005-07-01,ECE,2023,HIGH
STU00994,Sai Iyer,M,2006-11-17,MECH,2024,LOW
STU00995,Mohan Raj,F,2003-06-07,ECE,2021,LOW
STU00996,Sathya Reddy,M,2006-02-14,MECH,2024,MEDIUM
STU00997,Bhavya Nair,F,2005-04-21,CIVIL,2023,LOW
STU00998,Diya Raj,M,2003-04-14,MECH,2021,HIGH
STU00999,Riya Gupta,M,2004-04-07,CIVIL,2022,MEDIUM
STU01000,Nithya Menon,F,2004-02-20,MECH,2022,LOW
STU01001,Lakshmi Raj,M,2003-08-24,EEE,2021,MEDIUM
STU01002,,M,2005-01-23,CSE,2023,LOW
STU01003,Sathya Rao,M,2006-01-24,MECH,2024,HIGH
STU01004,Karthik Murthy,F,2005-11-24,CSE,2023,HIGH
STU01005,Kavya Nair,M,2005-09-30,MECH,2023,MEDIUM
STU01006,Harini Menon,M,2004-03-21,MECH,2022,MEDIUM
STU01007,Arjun Kumar,M,2005-10-09,ECE,2023,MEDIUM
STU01008,Ananya Raj,F,2004-03-28,IT,2022,HIGH
STU01009,Diya Rao,F,2006-01-26,IT,2024,HIGH
STU01010,Aarav Menon,M,2006-01-28,CSE,2024,HIGH
STU01011,Meera Pillai,M,2006-11-12,EEE,2024,MEDIUM
STU01012,Diya Reddy,M,2003-08-27,EEE,2021,LOW
STU01013,Sai Sharma,F,2006-06-08,CSE,2024,LOW
STU01014,Divya Subramaniam,F,2004-04-24,CIVIL,2022,HIGH
STU01015,Sathya Das,F,2006-04-04,MECH,2024,LOW
STU01016,Nithya Krishnan,F,2006-09-07,MECH,2024,HIGH
STU01017,Aditya Menon,M,2006-08-25,MECH,2024,HIGH
STU01018,Diya Murthy,F,2004-09-17,IT,2022,HIGH
STU01019,Sneha Varma,M,2003-06-04,MECH,2021,LOW
STU01020,Riya Pillai,F,2004-10-07,ECE,2022,HIGH
STU01021,Pooja Pillai,M,2004-12-21,MECH,2022,LOW
STU01022,Meera Murthy,F,2005-10-06,IT,2023,LOW
STU01023,Rohan Raj,M,2006-02-28,EEE,2024,LOW
STU01024,Suresh Menon,F,2003-08-16,IT,2021,HIGH
STU01025,Diya Pillai,M,2003-12-17,IT,2021,LOW
STU01026,Harini Varma,F,2006-11-27,MECH,2024,LOW
STU01027,Vihaan Sharma,M,2003-03-17,ECE,2021,LOW
STU01028,Sai Menon,F,2006-04-11,CIVIL,2024,HIGH
STU01029,Lakshmi Das,F,2005-08-11,MECH,2023,LOW
STU01030,Nithya Reddy,M,2003-11-10,IT,2021,LOW
STU01031,Sneha Varma,M,2003-07-09,MECH,2021,LOW
STU01032,Vihaan Kumar,F,2005-01-16,CSE,2023,HIGH
STU01033,Meera Subramaniam,F,2005-07-15,EEE,2023,MEDIUM
STU01034,Sneha Pillai,M,2004-08-31,EEE,2022,HIGH
STU01035,Ishaan Gupta,F,2006-03-20,MECH,2024,MEDIUM
STU01036,Sathya Krishnan,M,2003-02-06,ECE,2021,LOW
STU01037,Aarav Raj,F,2006-03-11,EEE,2024,HIGH
STU01038,Sai Krishnan,F,2006-11-16,CIVIL,2024,HIGH
STU01039,Riya Gupta,F,2006-07-16,IT,2024,MEDIUM
STU01040,Rohan Raj,F,2003-10-23,IT,2021,MEDIUM
STU01041,Sathya Subramaniam,M,2005-07-30,EEE,2023,LOW
STU01042,Naveen Reddy,M,2006-12-27,CSE,2024,MEDIUM
STU01043,Arjun Rao,F,2003-03-14,EEE,2021,LOW
STU01044,Gokul Gupta,F,2003-09-25,CIVIL,2021,LOW
STU01045,Aditya Nair,F,2003-12-17,EEE,2021,LOW
STU01046,Vignesh Murthy,F,2003-06-25,IT,2021,LOW
STU01047,Harini Kumar,F,2006-10-21,CIVIL,2024,LOW
STU01048,Kavya Pillai,F,2005-03-27,MECH,2023,HIGH
STU01049,Aishwarya Das,F,2005-02-01,EEE,2023,LOW
STU01050,Pooja Rao,M,2003-12-03,IT,2021,MEDIUM
STU01051,Dinesh Subramaniam,M,2006-02-12,MECH,2024,HIGH
STU01052,Karthik Sharma,F,2004-11-11,MECH,2022,MEDIUM
STU01053,Ananya Varma,F,2003-11-06,CSE,2021,HIGH
STU01054,Nithya Rao,M,2006-07-09,EEE,2024,HIGH
STU01055,Ananya Murthy,M,2004-09-27,CIVIL,2022,HIGH
STU01056,Kavya Sharma,M,2004-09-10,IT,2022,MEDIUM
STU01057,Harini Pillai,M,2006-11-23,EEE,2024,HIGH
STU01058,Ishaan Rao,F,2005-03-01,CSE,2023,HIGH
STU01059,Krishna Menon,F,2005-09-01,CIVIL,2023,LOW
STU01060,Harini Das,M,2006-08-31,CIVIL,2024,MEDIUM
STU01061,Sai Gupta,F,2005-08-18,CSE,2023,MEDIUM
STU01062,Lakshmi Reddy,M,2005-08-10,CSE,2023,LOW
STU01063,Nithya Krishnan,F,2005-05-17,MECH,2023,HIGH
STU01064,Ananya Krishnan,F,2004-12-10,CIVIL,2022,LOW
STU01065,Harini Nair,F,2004-06-09,EEE,2022,LOW
STU01066,Aarav Krishnan,M,2003-07-30,CSE,2021,HIGH
STU01067,Karthik Sharma,F,2004-05-25,MECH,2022,MEDIUM
STU01068,Ishaan Kumar,M,2003-01-30,IT,2021,LOW
STU01069,Lakshmi Das,M,2003-03-03,IT,2021,HIGH
STU01070,Sathya Rao,M,2004-02-26,CIVIL,2022,LOW
STU01071,Krishna Iyer,F,2003-11-24,CIVIL,2021,MEDIUM
STU01072,Nithya Iyer,F,2005-05-12,EEE,2023,HIGH
STU01073,Harini Sharma,F,2006-07-18,CSE,2024,MEDIUM
STU01074,Vihaan Iyer,F,2006-02-05,ECE,2024,MEDIUM
STU01075,Nithya Nair,F,2006-02-25,ECE,2024,HIGH
STU01076,Vignesh Murthy,F,2003-08-15,ECE,2021,LOW
STU01077,Ananya Sharma,M,2003-10-20,CSE,2021,LOW
STU01078,Ananya Murthy,F,2006-03-18,CSE,2024,LOW
STU01079,,M,2006-05-17,EEE,2024,HIGH
STU01080,Aishwarya Reddy,F,2003-09-21,IT,2021,LOW
STU01081,Harini Menon,F,2006-02-05,CIVIL,2024,LOW
STU01082,Rohan Kumar,F,2006-03-04,EEE,2024,LOW
STU01083,Vignesh Das,F,2005-07-25,MECH,2023,HIGH
STU01084,Divya Krishnan,M,2005-02-11,MECH,2023,MEDIUM
STU01085,Harini Murthy,F,2004-03-31,EEE,2022,LOW
STU01086,Vihaan Pillai,M,2006-02-24,MECH,2024,LOW
STU01087,Aishwarya Reddy,F,2006-04-08,CSE,2024,HIGH
STU01088,Vihaan Nair,M,2004-09-07,EEE,2022,MEDIUM
STU01089,Aditya Murthy,F,2006-01-09,CIVIL,2024,HIGH
STU01090,Kavya Kumar,F,2003-07-27,EEE,2021,HIGH
STU01091,Ishaan Murthy,F,2004-10-23,EEE,2022,HIGH
STU01092,Nithya Sharma,M,2004-09-07,EEE,2022,LOW
STU01093,Aarav Menon,M,2004-01-08,ECE,2022,HIGH
STU01094,Divya Kumar,F,2006-11-09,CSE,2024,HIGH
STU01095,Mohan Rao,M,2003-09-12,CSE,2021,LOW
STU01096,Dinesh Rao,M,2004-08-06,CSE,2022,MEDIUM
STU01097,Dinesh Varma,F,2003-12-17,MECH,2021,LOW
STU01098,Vignesh Raj,F,2003-10-31,ECE,2021,HIGH
STU01099,Kavya Sharma,M,2004-07-31,MECH,2022,HIGH
STU01100,Aishwarya Reddy,M,2004-10-24,CIVIL,2022,HIGH
STU01101,Sai Sharma,F,2003-09-07,ECE,2021,HIGH
STU01102,Aarav Kumar,M,2005-08-02,CSE,2023,LOW
STU01103,Dinesh Murthy,F,2004-04-15,EEE,2022,HIGH
STU01104,Divya Iyer,F,2004-03-30,CIVIL,2022,LOW
STU01105,Aishwarya Kumar,M,2006-11-10,EEE,2024,HIGH
STU01106,Divya Varma,F,2006-01-03,MECH,2024,LOW
STU01107,Rohan Nair,M,2003-11-13,IT,2021,MEDIUM
STU01108,Sathya Murthy,M,2004-05-21,CIVIL,2022,HIGH
STU01109,Ishaan Sharma,M,2006-09-12,EEE,2024,HIGH
STU01110,Krishna Krishnan,M,2005-05-26,CSE,2023,HIGH
STU01111,Meera Iyer,F,2006-01-23,IT,2024,HIGH
STU01112,Gokul Kumar,M,2003-09-06,ECE,2021,LOW
STU01113,Arjun Sharma,M,2006-10-31,EEE,2024,LOW
STU01114,Kavya Pillai,M,2005-04-28,EEE,2023,HIGH
STU01115,Kavya Nair,M,2006-04-13,ECE,2024,MEDIUM
STU01116,Bhavya Nair,M,2006-01-28,CIVIL,2024,MEDIUM
STU01117,Sai Nair,F,2006-07-11,ECE,2024,HIGH
STU01118,Riya Subramaniam,M,2005-05-19,EEE,2023,HIGH
STU01119,Kavya Raj,M,2003-05-24,EEE,2021,HIGH
STU01120,Arjun Varma,F,2006-03-29,CIVIL,2024,MEDIUM
STU01121,Rohan Das,F,2004-11-22,IT,2022,LOW
STU01122,Bhavya Raj,M,2006-09-25,CSE,2024,MEDIUM
STU01123,Sathya Nair,F,2005-01-08,CIVIL,2023,LOW
STU01124,Meera Subramaniam,M,2005-08-11,ECE,2023,LOW
STU01125,Rohan Das,M,2003-08-02,IT,2021,HIGH
STU01126,Vihaan Menon,M,2006-09-03,CIVIL,2024,LOW
STU01127,Mohan Sharma,F,2004-02-12,CIVIL,2022,LOW
STU01128,Harini Kumar,F,2004-07-02,ECE,2022,MEDIUM
STU01129,Rohan Krishnan,M,2006-12-09,CSE,2024,MEDIUM
STU01130,Krishna Subramaniam,F,2003-08-21,IT,2021,MEDIUM
STU01131,Harini Raj,F,2005-11-17,ECE,2023,MEDIUM
STU01132,Aishwarya Krishnan,M,2003-07-17,EEE,2021,LOW
STU01133,Kavya Gupta,M,2006-05-19,MECH,2024,LOW
STU01134,Suresh Gupta,M,2003-11-14,EEE,2021,MEDIUM
STU01135,Gokul Das,M,2005-01-27,IT,2023,HIGH
STU01136,Sneha Reddy,F,2003-07-07,IT,2021,MEDIUM
STU01137,Krishna Krishnan,M,2004-03-11,IT,2022,MEDIUM
STU01138,Rohan Gupta,M,2006-10-25,EEE,2024,LOW
STU01139,Ishaan Murthy,M,2005-05-17,MECH,2023,LOW
STU01140,Lakshmi Pillai,F,2003-07-10,CSE,2021,MEDIUM
STU01141,Riya Menon,M,2005-08-20,CIVIL,2023,LOW
STU01142,Priya Murthy,M,2006-02-14,ECE,2024,HIGH
STU01143,Sneha Das,M,2003-02-25,MECH,2021,HIGH
STU01144,Ananya Sharma,M,2004-04-14,CIVIL,2022,LOW
STU01145,Divya Kumar,F,2004-08-30,CIVIL,2022,MEDIUM
STU01146,Meera Menon,M,2004-02-02,MECH,2022,HIGH
STU01147,Sathya Murthy,M,2005-07-30,IT,2023,LOW
STU01148,Kavya Krishnan,F,2006-08-23,CIVIL,2024,MEDIUM
STU01149,Naveen Raj,F,2005-04-27,ECE,2023,MEDIUM
STU01150,Priya Iyer,M,2005-05-26,ECE,2023,MEDIUM
STU01151,Krishna Rao,M,2005-04-04,EEE,2023,HIGH
STU01152,Mohan Subramaniam,M,2004-02-29,ECE,2022,HIGH
STU01153,Kavya Rao,M,2005-07-09,CIVIL,2023,HIGH
STU01154,Ishaan Gupta,M,2005-06-26,EEE,2023,HIGH
STU01155,Priya Menon,M,2005-03-04,IT,2023,HIGH
STU01156,Sneha Das,F,2006-06-13,ECE,2024,HIGH
STU01157,Aarav Subramaniam,F,2005-08-31,EEE,2023,MEDIUM
STU01158,Harini Rao,M,2006-06-23,IT,2024,LOW
STU01159,Arjun Subramaniam,F,2004-12-13,CSE,2022,LOW
STU01160,,M,2004-08-16,CIVIL,2022,MEDIUM
STU01161,Aditya Reddy,M,2004-10-25,IT,2022,LOW
STU01162,Rohan Murthy,F,2003-02-12,ECE,2021,LOW
STU01163,Sathya Menon,M,2006-04-10,IT,2024,MEDIUM
STU01164,Kavya Rao,M,2005-07-23,EEE,2023,HIGH
STU01165,Aishwarya Varma,F,2006-07-10,MECH,2024,HIGH
STU01166,Diya Reddy,F,2006-10-15,MECH,2024,HIGH
STU01167,Ishaan Subramaniam,F,2006-08-15,EEE,2024,MEDIUM
STU01168,Krishna Murthy,F,2006-03-13,EEE,2024,LOW
STU01169,Suresh Sharma,M,2005-09-01,ECE,2023,LOW
STU01170,Kavya Sharma,F,2003-07-29,CSE,2021,LOW
STU01171,Nithya Iyer,F,2006-10-18,ECE,2024,HIGH
STU01172,Ishaan Raj,F,2006-01-22,MECH,2024,MEDIUM
STU01173,Mohan Rao,F,2006-04-25,CIVIL,2024,HIGH
STU01174,Dinesh Kumar,M,2005-11-24,MECH,2023,LOW
STU01175,Pooja Sharma,F,2004-09-08,CIVIL,2022,LOW
STU01176,Divya Nair,M,2005-09-10,CSE,2023,HIGH
STU01177,Suresh Subramaniam,F,2006-10-17,IT,2024,MEDIUM
STU01178,Sathya Iyer,F,2003-07-11,EEE,2021,LOW
STU01179,Gokul Rao,M,2004-10-24,MECH,2022,HIGH
STU01180,Sai Reddy,F,2004-07-01,EEE,2022,HIGH
STU01181,Vihaan Iyer,F,2005-01-25,CIVIL,2023,MEDIUM
STU01182,Diya Gupta,M,2004-11-17,IT,2022,HIGH
STU01183,Harini Sharma,M,2005-06-11,IT,2023,LOW
STU01184,Dinesh Iyer,F,2005-02-19,EEE,2023,LOW
STU01185,Naveen Reddy,M,2004-09-22,CSE,2022,MEDIUM
STU01186,Priya Murthy,F,2005-03-25,CIVIL,2023,HIGH
STU01187,Ishaan Raj,M,2003-08-02,ECE,2021,MEDIUM
STU01188,Nithya Sharma,M,2003-09-03,ECE,2021,MEDIUM
STU01189,Diya Subramaniam,F,2006-11-02,ECE,2024,LOW
STU01190,Harini Reddy,M,2005-01-15,EEE,2023,LOW
STU01191,Mohan Sharma,M,2004-12-18,ECE,2022,HIGH
STU01192,Diya Raj,M,2003-08-06,ECE,2021,LOW
STU01193,Harini Murthy,M,2003-09-05,CSE,2021,MEDIUM
STU01194,Vihaan Nair,M,2003-08-29,CSE,2021,HIGH
STU01195,Nithya Iyer,M,2005-12-08,CSE,2023,HIGH
STU01196,Harini Sharma,M,2004-10-27,IT,2022,HIGH
STU01197,Krishna Krishnan,F,2003-03-16,CSE,2021,LOW
STU01198,Ananya Rao,F,2004-09-13,MECH,2022,LOW
STU01199,Suresh Nair,M,2003-09-28,CSE,2021,HIGH
STU01200,Aishwarya Nair,F,2003-02-20,ECE,2021,HIGH
STU00637,Karthik Murthy,M,2006-12-05,CSE,2024,MEDIUM
STU00684,Aishwarya Subramaniam,M,2004-09-03,CIVIL,2022,MEDIUM
STU01034,Sneha Pillai,M,2004-08-31,EEE,2022,HIGH
STU00191,Divya Sharma,F,2005-11-29,EEE,2023,MEDIUM
STU01084,Divya Krishnan,M,2005-02-11,MECH,2023,MEDIUM
STU00284,Aishwarya Menon,M,2003-08-23,ECE,2021,HIGH
STU00818,Lakshmi Krishnan,F,2003-10-05,IT,2021,HIGH
STU00315,Suresh Subramaniam,F,2003-01-15,IT,2021,HIGH
STU00538,Dinesh Iyer,M,2005-10-30,CIVIL,2023,MEDIUM
STU00665,Lakshmi Gupta,F,2004-08-02,IT,2022,HIGH
STU00240,Ishaan Das,F,2004-04-30,MECH,2022,HIGH
STU00136,Aditya Raj,M,2003-03-22,ECE,2021,HIGH
STU00336,Suresh Subramaniam,F,2005-09-17,IT,2023,LOW
STU00190,Rohan Menon,M,2005-11-09,IT,2023,HIGH
STU00839,Suresh Rao,F,2003-03-24,CSE,2021,MEDIUM
